og_representation,mapping,confusion,frequency,example
यपुनोत्री,Yapunotri,,1,यपुनोत्री
यमुनाविहार,Yamuna vihar,,1,यमुनाविहार
यमनोत्री,Yamanotri,,1,यमनोत्री
व्योैपारियान,Vyaupariyan,y,1,व्योैपारियान
व्यौपारियान,Vyaupariyan,y,1,व्यौपारियान
व्यासघेरा,Vyasghera,,1,व्यासघेरा
व्यापारियाना,Vyapariyana,,1,व्यापारियाना
व्यापारियान,Vyapariyan,,8,मौ0 व्यापारियान
वुढेरा,Vudhera,,1,वुढेरा
वृथला,Vruthla,,9,"मई, वृथला"
वृषंगपुरा,Vrishangpura,,1,वृषंगपुरा
व्रहमकुण्ड,Vrahamkund,,1,व्रहमकुण्ड
वोरपा,Vorpa,,1,वोरपा
विठठौना,Vitthauna,y,1,विठठौना
विठौली,Vithauli,,3,विठौली
विसू,Visu,,2,"धानाखेमा, विसू"
विसु,Visu,,1,विसु
विश्रामपुर,Vishrampur,,8,"चीतपुर, विश्रामपुर, कागारौल"
विष्णुपुरी,Vishnupuri,,1,विष्णुपुरी
विष्णूपुरी,Vishnupuri,,1,विष्णूपुरी
विसहरा,Vishara,,5,"जौनई, विसहरा"
विशम्भरा,Vishambhara,,8,"बढ़ा बांगर, विशम्भरा"
विसावली,Visavali,,1,विसावली
विसारना,Visarna,,1,विसारना
विरजूगढी,Virjugadhi,,1,विरजूगढी
विरजापुर,Virjapur,,1,विरजापुर
विरहरु,Virharu,,13,"कुकावर, विरहरु"
विरौना,Virauna,,5,"अरतौनी, विरौना"
विरहरू,Virahru,,1,विरहरू
विपरावली,Vipravali,,3,विपरावली
विन्दागंज,Vindaganj,,1,विन्दागंज
वीलपुरा,Vilpura,,1,वीलपुरा
विलौठी,Vilothi,,7,"अकबरपुर, विलौठी"
विलौड़ा,Vilauda,,6,विलौड़ा
विक्रमपुर,Vikrampur,,3,विक्रमपुर
विजवारी,Vijvari,,7,"जटवारी, विजवारी"
विझामई,Vijhamaee,y,3,विझामई
विजयनगर,Vijay nagar,,1,नार्थविजयनगरकालौनी (नई)
विद्यापुर,Vidyapur,,7,"अभैदोपुरा, विद्यापुर"
विधौलीखेरागढ,Vidhauli kheragadh,,1,विधौलीखेरागढ
विडावली,Vidavali,,3,विडावली
वेहड़ी,Vehadi,,1,वेहड़ी
वेगमपुर,Vegampur,,1,वेगमपुर
वीरई,Veeraee,y,14,छीतापुरा नगला वीरई
वेदपुरा,Vedpura,,1,वेदपुरा
वेदनगर,Ved nagar,,1,वेदनगर
वाटी,Vati,,3,वाटी
वठैनकलां,Vathainkala,y,14,वठैनकलां
वसेयावोवला,Vaseyavovala,,8,"चेकोरा, वमनपुरा, वसेयावोवला"
वासौनी,Vasauni,,1,वासौनी
वरसाना,Varsana,,6,वरसाना
वरपुरा,Varpura,,1,वरपुरा
वरना,Varna,,3,वरना
वरीपुरा,Varipura,,1,वरीपुरा
वरचावली,Varchavli,,8,वरचावली
वरौली,Varauli,,13,"कचनऊ, वरौली"
वंशीधाम,Vanshidham,,1,वंशीधाम
वानपुर,Vanpur,,6,"वहा, वानपुर"
वनखण्डी,Vankhandi,,1,वनखण्डी
वनखण्‍डी,Vankhandi,,1,वनखण्‍डी
वनकटी,Vankati,,1,वनकटी
वाँगुरीं,Vanguri,Y,1,वाँगुरीं
वनारसीपुर,Vanarasipur,,5,"किलौनी, वनारसीपुर"
वमनपुरा,Vamanpura,,8,"चेकोरा, वमनपुरा"
वमान,Vaman,,3,वमान
वलीपुर,Valipur,,2,वलीपुर
वाकन्दाखास,Vakandakhas,,14,"खेडा बाकन्दा, वाकन्दाखास"
वकालपुर,Vakalpur,,10,"भिलावली, वकालपुर"
वाकलपुर,Vakalpur,,1,वाकलपुर
वकालात,Vakalat,,1,वकालात
वाजना,Vajna,,4,वाजना
वाजीदपुर,Vajidpur,,10,"गुड़ की मण्डी, डिठवार, वाजीदपुर"
वाजिदपुर,Vajidpur,,4,"थनसैरा, वाजिदपुर"
वजीरपुरा,Vajeerpura,,1,वजीरपुरा
वैष्णोधाम,Vaishnodham,,3,राधेग्रीन ⁄ वैष्णोधाम फेस–4
वैमन,Vaiman,,11,"टीकरी, दूरा, वाजीदपुर, वैमन"
वहरावली,Vahravali,,15,"लाड़पुर, वहरावली, लाड़पुर"
वहरामपुर,Vahrampur,,1,वहरामपुर
वहेंटा,Vahenta,,4,वहेंटा
वहा,Vaha,,9,"नारौल, वहा"
उत्तू,Uttu,,8,उत्तू
उत्तमपुरी,Uttampuri,,1,उत्तमपुरी
उत्तमगिरि,Uttamgiri,,1,उत्तमगिरि
उत्तमनगर,Uttam nagar,,1,उत्तमनगर
उटसाना,Utsana,,1,उटसाना
उसपार,Uspar,,1,उसपार
उसमानपुर,Usmanpur,,1,उसमानपुर
ऊषानगर,Usha nagar,,1,ऊषानगर
उसर्रा,Usarra,,2,उसर्रा
ऊसरा,Usara,,3,ऊसरा
ऊपरकोट,Uparkot,y,1,ऊपरकोट
ऊँटगिर,Untgir,,10,ऊँटगिर
उँटगिर,Untgir,,4,उँटगिर
उन्दी,Undi,,3,उन्दी
उऩ्देरा,Undera,,7,उऩ्देरा
उन्देरा,Undera,,1,उन्देरा
ऊँचागाँव,Unchagaon,,3,ऊँचागाँव
ऊँचा,uncha,,3,ऊँचा
उमराया,Umraya,,6,उमराया
उमराला,Umrala,,3,उमराला
उमरैठा,Umraitha,,3,उमरैठा
उमरी,Umari,,1,उमरी
ऊमरी,Umari,,1,ऊमरी
उखर्रा,Ukharra,,1,उखर्रा
उझावली,Ujhavali,,3,उझावली
उजरई,Ujaraee,y,7,उजरई
उगनपुरा,Uganpura,,1,उगनपुरा
ऊधर,Udhar,,2,ऊधर
उधन्नपुरा,Udhannpura,,1,उधन्नपुरा
उदैना,Udaina,,7,उदैना
ऊचागांव,Uchagaon,,2,ऊचागांव
तुरकिया,Turkiya,,1,तुरकिया
टुण्डपुरा,Tundpura,,1,टुण्डपुरा
तूमौला,Tumaula,,11,तूमौला
त्रिपुरी,Tripuri,,4,"गोबरा, त्रिपुरी"
तोष,Tosh,,1,तोष
तोरहपाल,Torahpal,,1,तोरहपाल
तोरा,Tora,,4,तोरा
तोर,Tor,,1,तोर
तोपखाना,Topkhana,,3,गूजर तोपखाना
टोड़रा,Todra,,3,टोड़रा
टोड,Tod,,1,"जगतिया, नगला टोडर"
तोड,Tod,,1,तोड
तिवाहा,Tiwaha,,1,तिवाहा
तिरवाया,Tirvaya,,1,तिरवाया
तिलूपुरा,Tilupura,,3,तिलूपुरा
तिलकागढ़ी,Tilkagadhi,,1,तिलकागढ़ी
टीकरी,Tikri,,7,"गोबरा, टीकरी"
थिरावली,Thiravali,,1,थिरावली
ठेरई,Theraee,y,6,ठेरई
ठेनुआ,Thenua,y,1,ठेनुआ
थापी,Thapi,,4,थापी
थपेड़ा,Thapeda,,6,थपेड़ा
थपैडा,Thapaida,,1,थपैडा
थनसैरा,Thansaira,,2,थनसैरा
थम्मू,Thammu,,1,थम्मू
ठाकुरान,Thakuran,,1,ठाकुरान
ठैनुआ,Thainuaa,y,1,ठैनुआ
तेलीपाडा,Telipada,,1,तेलीपाडा
तेलीपाड़ा,Telipada,,1,तेलीपाड़ा
टेहू,Tehu,,3,टेहू
तेहरा,Tehra,,30,"औलेन्डा, तेहरा रावत"
ततारपुर,Tatarpur,,7,"खैराल 7 1/2 वि. वांगर, ततारपुर"
तारसी,Tarsi,,1,तारसी
तरहट,Tarhat,,1,तरहट
तरासों,Taraso,,1,तरासों
टपरा,Tapra,,6,टपरा
तन्तूरा,Tantura,,1,तन्तूरा
ताँतपुर,Tantpur,y,6,"गढ़ी करीमपुर, घसकटा, ताँतपुर"
तांतपुर,Tantpur,,3,तांतपुर
ताँसपुरा,Tanspura,y,1,ताँसपुरा
तमोलीपाडा,Tamolipada,,1,तमोलीपाडा
तमाचगढ,Tamachagadh,,1,तमाचगढ
तालगढ़ी,Talgadhi,,9,"औछटा, तालगढ़ी"
ताजपुरा,Tajpura,,1,ताजपुरा
ताजपुर,Tajpur,,5,ताजपुर
तैयबपुर,taiyabpur,,2,तैयबपुर
ताहरपुर,Taharpur,,5,"गुंगावद, ताहरपुर"
तबेलान,Tabelan,,2,तबेलान
स्यारमऊ,Syarmau,,10,"छीतापुरा मोतीपुरा, स्यारमऊ"
स्याइच,Syaich,y,1,स्याइच
स्याहीपुरा,Syahipura,,1,स्याहीपुरा
स्वारा,Swara,,3,स्वारा
स्वामीबाग,Swamibag,,1,स्वामीबाग
सुतैडी,Sutaidi,,1,सुतैडी
सुतैड़ी,Sutaidi,,1,सुतैड़ी
सुताहरी,Sutahari,,1,सुताहरी
सुरवारी,Survari,,3,सुरवारी
सुर्रका,Surrka,,1,सुर्रका
सूरौठी,Surauthi,,5,"मङोली, सूरौठी"
सूरज,Suraj,,7,फ ाटक सूरजभान
सुपहरा,Suphara,,1,सुपहरा
सुन्सार,Sunsar,,1,सुन्सार
सुनह़रा,Sunhara,,4,"जाजऊ, सुनह़रा"
सुन्दरपाडा,Sundarpada,,2,सुन्दरपाडा
सुनारी,Sunari,,1,सुनारी
सुल्तानपट्टी,Sultanpatti,,6,आ.का. सुल्तानपट्टी
सुल्तानपटटी,Sultanpatti,,1,सुल्तानपटटी
सुल्तानगंज,Sultanganj,,2,मौ0 सुल्तानगंज
सुलभपुरम,Sulabh puram,,1,सुलभपुरम
सुजगई,Sujgai,y,1,सुजगई
सुजावली,Sujavali,,3,सुजावली
सुजानपुरा,Sujanpura,,1,सुजानपुरा
सुजानपुर,Sujanpur,,10,"खलौआ, गुड़ेरा, भौड़ा सुजानपुर"
सुहागपुर,Suhagpur,,3,"चांदपुर कलां, सुहागपुर, सुहागपुर"
सुड़रई,Sudaraee,y,1,सुड़रई
सुदामापुरी,Sudamapuri,,4,सुदामापुरी
सुचैता,Suchaita,,1,सुचैता
सोंसा,Sonsa,,2,"बोरपा, सोंसा"
सोनोठी,Sonothi,,7,"पतसाल, सोनोठी"
सोनीखेड़ा,Sonikheda,,2,सोनीखेड़ा
सोनीखेडा,Sonikheda,,1,सोनीखेडा
सोन,Son,,1,गोलड सोनी बिहार पचगाई खेडा
सोसा,Society,,1,सोसा
स्लामपुर,Slampur,,6,इस्लामपुर
सिवाल,Sivall,,7,सिवाल
सितौली,Sitauli,,8,"रूदऊ, पायघुसियाना, सितौली"
सिरथला,Sirthala,,7,सिरथला
सिर्रेला,Sirrela,,2,सिर्रेला
सिरेला,Sirela,,1,सिरेला
सिरौली,Sirauli,,10,अजीजपुर ( नरीपुरा ट्रान्सफॉर्मर से अजीजपुर सिरौली मोड तक)
सींह,Sinh,y,1,सींह
सिंगरावली,Singravali,,3,"बसई जगनेर, सिंगरावली"
सींगना,Singna,,3,"जुगसेना, सींगना"
सिंगेचा,Singecha,,1,सिंगेचा
सिंगायच,Singayach,,7,"उसर्रा, सिंगायच"
सिंगारपुर,Singarpur,,1,सिंगारपुर
सिंगाइच,Singaich,y,1,सिंगाइच
सिमराही,Simrahi,,3,सिमराही
सिलपौली,Silpauli,,1,सिलपौली
सिलोखर,Silokhar,,5,"महाव, सिलोखर"
सिलावली,Silavali,,7,सिलावली
सिकतरा,Siktara,,9,पट्टी सिकतरा
सिकरौदा,Sikrauda,,5,"दूरा, सिकरौदा"
सिकरारा,Sikrara,,1,सिकरारा
सीकरी,Sikari,,25,"कराही, पतसाल, सीकरी चार हिस्सा"
सिकन्दरपुर,Sikandarpur,,9,"जौनई, सिकन्दरपुर"
सिजवारीपुरा,Sijvaripura,,1,सिजवारीपुरा
सिहोरगढ,Sihorgadh,,1,सिहोरगढ
सिहोरा,Sihora,,16,"अचरू लधौरा, सिहोरा"
सिहंपौर,Sihanpaur,y,1,सिहंपौर
सिहाना,Sihana,,9,उप्पल बैस्टन ग्रीन सिहाना
सिगारपुर,Sigarpur,,5,"कौरई, सिगारपुर"
सिधावली,Sidhavali,,1,सिधावली
श्यामों,Shyamon,y,6,श्यामों
श्यामो,Shyamo,,1,श्यामो
श्यामापुरम,Shyamapuram,,2,श्यामापुरम
श्यामनगर,Shyam nagar,,1,श्यामनगर
श्यामघाट,Shyam ghat,,1,श्यामघाट
शुर्तवान,Shurtvan,,1,शुर्तवान
शुभमधाम,Shubhamdham,,1,शुभमधाम
श्रोतीपाडा,Shrotipada,,1,श्रोतीपाडा
श्रीकृष्णशरणम,Shri krishna sharnam,y,1,श्रीकृष्णशरणम
श्रीकृष्‍णशरणम,Shri krishna sharnam,y,1,श्रीकृष्‍णशरणम
श्रीकृष्णाग्रीन,Shri krishna green,y,1,श्रीकृष्णाग्रीन
श्रीकृष्‍णाग्रीन,Shri krishna green,y,1,श्रीकृष्‍णाग्रीन
श्रीजीधाम,Shreejidham,,2,श्रीजीधाम
श्रीजीपुरम,Shreeji puram,,5,परिक्रमा मार्ग से श्रीजीपुरम तिराहे तक
शिवपुरी,Shivpuri,,5,शिवपुरी
शिवली,Shivali,y,1,शिवली
शिवाल,Shival,,2,वैदिक सिटी शिवाल
शिवाकुंज,Shivakunj,,1,शिवाकुंज
शिवनगर,Shiv nagar,,8,कमाल खां ( बाबा कमाल खां शिवनगर से नरीपुरा ट्रान्सफार्मर तक)
शिवकालौनी,Shiv Colony,,1,शिवकालौनी
शेरपुर,Sherpur,,10,"चीत, शेरपुर"
शेरनी,Sherni,,1,शेरनी
शेरगडिया,Shergadiya,,1,शेरगडिया
शेरखाँ,Sher khan,y,3,शेरखाँ
शेखूपुर,Shekhupur,,16,"नगला इनामी, नगला शेखूपुर"
शेखपाडा,Shekhpada,,1,शेखपाडा
शीतलछाया,Sheetal chaya,,1,शीतलछाया
शास्त्रीपुरम,Shastri puram,,1,शास्त्रीपुरम
शास्त्रीनगर,Shastri nagar,,1,शास्त्रीनगर
शराबियान,Sharabiyan,,1,शराबियान
शराविंयान,Shara viyan,,1,शराविंयान
शंकरपुरी,Shankarpuri,,1,शंकरपुरी
शंकरगढी,Shankargadhi,,1,शंकरगढी
शंकरगढ़,Shankargadh,,1,शंकरगढ़
शमशाबाद,Shamshabad,,7,गोपालपुरा शमशाबाद
शल्ल,Shall,y,5,"इब्राहीमपुर, इब्राहीमपुर, शल्ल, शल्ल, जटपुरा"
शक्तिनगर,Shakti nagar,,1,शक्तिनगर
शकरगढी,Shakargadhi,,1,शकरगढी
शाहवेद,Shahved,,1,शाहवेद
शाहपुरराकौली,Shahpurarakauli,,1,शाहपुरराकौली
शाहपुरजगनेर,Shahpur jagner,,1,शाहपुरजगनेर
शहजादपुर,Shahjadpur,,26,"ततरौता बांगर, शहजादपुर इन्दावली"
शाहिदपुर,Shahidpur,,3,शाहिदपुर
शाहगंज,Shahganj,,5,न्यू शाहगंज
षाहगंज,Shahganj,,1,षाहगंज
सेवरा,Sevra,,1,सेवरा
सेवाकुन्ज,Sevakunj,,1,सेवाकुन्ज
सेवाकुन्‍ज,Sevakunj,,1,सेवाकुन्‍ज
सेऊपटटी,Seupatti,y,1,सेऊपटटी
सेरसा,Sersa,,1,सेरसा
सेरब,Serab,,3,सेरब
सेंहा,Senhha,,1,सेंहा
सेमरी,Semari,,8,"वरौली, सेमरी"
सेहा,Seha,,3,सेहा
सीयरा,Seeyara,,11,"खिरारी, बना, बना, सीयरा, इटौली"
सीहपुरा,Seehpura,y,1,सीहपुरा
सीह,Seeh,y,1,सीह
सेदगढी,Sedgadhi,,1,सेदगढी
सवांई,Savanee,y,6,सवांई
सौरई,Sauraee,y,4,"पर्वतपुर, सौरई"
सौरा,Saura,,3,"अयेला, सौरा"
सौर,Saur,,1,"अयेला, सौरा"
सौंन,Saunan,y,9,"अयेला, सौंन"
सौन,Saun,,1,वासौनी
सौहल्ला,Sauhalla,,4,नई आबादी सौहल्ला
सत्ता,Satta,,6,देव नगर कालोनी(सत्ता )
सतघउा,Satghada,,1,सतघउा
सतघडा,Satghada,,1,सतघडा
सतौली,Satauli,,5,नई आबादी सतौली
सरवनपुरा,Sarvanpura,,1,सरवनपुरा
सरूरपुर,Sarurpur,,1,सरूरपुर
सरसा,Sarsa,,6,सरसा
सरोखीपुरा,Sarokhipura,,1,सरोखीपुरा
सरकन्डखेडा,Sarkandkheda,,5,"पचावर, सरकन्डखेडा"
सर्जेपुर,Sarjepur,,1,सर्जेपुर
सरजैपुर,Sarjaipur,,1,सरजैपुर
सरेंधी,Sarendhi,,1,सरेंधी
सरबतपुर,Sarbatpur,,1,सरबतपुर
सरायदाउद,Saraydaud,y,3,सरायदाउद
सरायअहमद,Sarayahamad,,1,सरायअहमद
सराय,Saray,,50,कच्ची सराय
सारस,Saras,,4,"पड़रारी, भैंसारा, सारस"
सारंगपुर,Sarangpur,,3,सारंगपुर
सरैंडा,sarainda,,14,"अटा, सरैंडा"
सरैधी,Saraidhi,,16,"नगला कासिमपुर, सरैधी"
सन्तोषपुरा,Santoshpura,,1,सन्तोषपुरा
सन्तोकपुरा,Santokpura,,1,सन्तोकपुरा
सांथा,Santha,,7,"गढी चन्द्रमन, सांथा"
सन्नपुरा,Sannpura,,3,सन्नपुरा
साँखी,Sankhi,y,7,"सहार, साँखी"
सांखी,Sankhi,,1,सांखी
संकेत,Sanket,,10,गैस एजेन्सी से संकेत वाली सडक के मोड तक
संजेती,Sanjoti,,1,संजेती
सांधन,Sandhan,,2,खेडा सांधन
सांचोली,Sancholi,,6,सांचोली
सनौरा,Sanaura,,3,सनौरा
सामरा,Samra,,10,"सहनपुर, सामरा"
सम्पत्तिजोगी,Sampattijogi,,1,सम्पत्तिजोगी
समोगर,Samogar,,4,समोगर
समसपुर,Samaspur,,1,समसपुर
सामरमऊ,Samaramu,y,1,सामरमऊ
सलेमपुर,Salempur,,7,गोविन्द बिहार क ालौनी (सलेमपुर फरह
सलेमाबाद,Salemabad,,1,सलेमाबाद
सलाका,Salaka,,2,"पारसौली, सलाका"
सलैमावाद,Salaimavad,,10,"खेडा बाकन्दा, सलैमावाद"
सलैमाबाद,Salaimabad,,1,सलैमाबाद
सकना,Sakna,,1,सकना
सकीतरा,Sakitara,,17,केशोरैयाधाम क ालौनी (सकीतरा)
साकेतपुरी,Saketpuri,,1,साकेतपुरी
सकतपुर,Sakatpur,,10,"वैमन, सकतपुर"
सकरवा,Sakarva,,1,सकरवा
सकरबा,Sakarba,,4,सकरबा
सैंया,Sainya,,8,"शाहपुर नदीम, सैंया"
सैनवा,Sainva,,9,"रान्हेरा, सैनवा, रान्हेरा"
सैमरी,Saimari,,3,सैमरी
सैलखेड़ा,Sailkheda,,10,"जादौपुर, सैलखेड़ा, वरौली"
सैफ्फुद्दीनपुर,Saiffuddinpur,,1,सैफ्फुद्दीनपुर
सैदपुर,Saidpur,,14,"गडसौली, नगला बली, सैदपुर"
सैदगढ़ी,Saidgadhi,,1,सैदगढ़ी
सहता,Sahta,,3,"कुकथला, सहता"
सहगलपुरा,Sahgalpura,,1,सहगलपुरा
सहारा,Sahara,,1,सहारा
सहार,Sahar,,16,द्वारिका सिटी सहार
सहनपुर,Sahanpur,,11,"जाजोली, सहनपुर"
सहजुआ,Sahajaa,y,6,छिनगईआ सहजुआ
साहई,Sahai,y,1,साहई
सहाई,sahaee,y,6,"कुकथला, सहाई"
सगुनापुर,Sagunapur,,11,"कराहरा, सगुनापुर"
सागरिया,Sagriya,,1,सागरिया
सदूपुरा,Sadupura,,6,"पुसैंता, थपेड़ा, रहलई, सदूपुरा"
साधन,Sadhan,,20,खेडा साधन
सद्दीकपुर,Saddikpur,,3,"इब्राहीमपुर, शल्ल, सद्दीकपुर"
सददीकपुर,Saddikpur,,1,सददीकपुर
सदरवन,Sadarvan,,1,सदरवन
सदरपुर,Sadarpur,,1,सदरपुर
सबोरा,Sabora,,6,सबोरा
रूठरी,Ruthri,,2,रूठरी
रूँधऊ,Rundhau,y,1,रूँधऊ
रूनकता,Runakata,,4,"अकबरा, रूनकता"
रूदमुली,Rudmuli,,3,रूदमुली
रूदऊ,Rudau,y,7,रूदऊ
रोसू,Rosu,,1,रोसू
रुपपुर,Rooppur,,3,रुपपुर
रूपधनूँ,Roopdhanu,Y,1,रूपधनूँ
रूपपुरा,Roop pura,,1,रूपपुरा
रूपनगर,Roop nagar,,19,रूपनगर
रोझौली,Rojhauli,,6,"जैगारा, वाजीदपुर, रोझौली"
रोहता,Rohta,,3,रोहता
रिठोरा,Rithora,,4,"अखवाई, रिठोरा"
रिठौरी,Rithauri,,13,"अयेला, रिठौरी"
रीठौरा,Rithaura,,8,"रांकौली, रीठौरा, रीठौरा"
ऋषिपुरम,Rishipuram,,1,ऋषिपुरम
रिहावली,Rihavali,,1,रिहावली
रिछोहा,Richoha,,7,"अयेला, रिछोहा"
रीछापुरा,Richapura,,1,रीछापुरा
रेवाडपुरा,Revadpura,,1,रेवाडपुरा
रेहा,Reha,,3,रेहा
रीठई,Reethaee,y,3,रीठई
रायभा,Raybha,,10,"कठवारी, रायभा"
रायागली,Rayamali,,1,रायागली
रावली,Ravli,,4,कुरावली
रौसू,Rausu,,3,पी पी टाउन (रौसू)
रौसिंगा,Rausinga,,7,"छिकाड़ा, रौसिंगा"
रौहता,Rauhata,,6,रौहता
रौचीबांगर,Rauchibangar,,1,रौचीबांगर
रनपुरा,Ratpura,,1,करनपुरा
रतिपुरम,Rati puram,,1,रतिपुरम
राटौटी,Ratauti,,3,राटौटी
रतनपुरा,Ratanpura,,1,रतनपुरा
रतनकुण्ड,Ratankund,,1,रतनकुण्ड
रतनचौक,Ratanchauk,,1,रतनचौक
रतनछत्री,Ratan chatri,,1,रतनछत्री
रसूलपुर,Rasulpur,,25,"अटा, रसूलपुर"
रनवारी,Ranvari,,10,रनवारी
रांकोली,Rankoli,,1,रांकोली
रांकौली,Rankauli,,4,रांकौली
रानीपुरा,Ranipura,,3,रानीपुरा
रान्हेरा,Ranhera,,10,रान्हेरा
रमपुरा,Rampura,,1,प्यारमपुरा
रामपुर,Rampur,,17,"चीतपुर, विश्रामपुर, कागारौल"
रामकुंज,Ramkunj,,1,रामकुंज
रामजीद्वार,Ramji dwar,,1,रामजीद्वार
रामगढ़,Ramgadh,,1,रामगढ़
रामबाग,Rambag,,2,जयरामबाग कॉलोनी
रमणरेती,Ramanreti,,2,रमणरेती
रमनरेती,Ramanreti,,1,रमनरेती
रमनपुरी,Ramanpuri,,2,रमनपुरी
रमापुरम,Ramanlal,,2,रमापुरम
रामनगला,Ramangala,,2,रामनगला
रामाजीधाम,Ramajidham,,1,रामाजीधाम
रामवाटिका,Ram vatika,,1,रामवाटिका
रामनगर,Ram nagar,,8,इकरामनगर
रामघाट,Ram ghat,,1,रामघाट
राल,Ral,,2,उमराला
रकाबगंज,Rakabaganj,,1,रकाबगंज
रजवाडा,Rajvada,,1,रजवाडा
रजपुरा,Rajpura,,5,"मुखरई, रजपुरा"
राजपुर,Rajpur,,9,जगराजपुर
राजावाडी,Rajavadi,,1,राजावाडी
रजौरा,Rajaura,,3,पाहिरजौरा
रजरई,Rajaree,y,1,रजरई
राजामण्डी,Rajamandi,,3,न्यू राजामण्डी
राजनगर,Raj nagar,,1,गिर्राजनगर कालौनी
राजग्राम,Raj gram,,2,राजग्राम
रैपुराजाट,Raipurajat,,1,रैपुराजाट
रैपुरादीक्षित,Raipura dikshit,,1,रैपुरादीक्षित
रैपुरा,Raipura,,8,रैपुरा
रायपुर,Raipur,,19,"कारव 3/4, रायपुर मई वांगर, लोहवन"
रैंका,Rainka,,3,रैंका
राहमनपाडा,Rahmanpada,,1,राहमनपाडा
रहीमपुर,Raheempur,,3,रहीमपुर
रहेड़ा,Raheda,,6,रहेड़ा
रहेडा,Raheda,,1,रहेडा
रहनकला,Rahankala,,1,रहनकला
रहलई,Rahalaee,y,12,"पुसैंता, थपेड़ा, रहलई, सदूपुरा"
रघुपुरा,Raghupura,,4,रघुपुरा
रघूपुरा,Raghupura,,1,रघूपुरा
रघुनाथपुरी,Raghunathpuri,,1,रघुनाथपुरी
राधेप्रियाधाम,Radhe priyadham,,1,राधेप्रियाधाम
राधावैली,Radhavaili,,2,राधावैली
राधाकुॅण्ड,Radhakund,y,1,राधाकुॅण्ड
राधाकुण्ड,Radhakund,,12,एक ता सदन से राधाकुण्ड रोड पर नगर पंचायत की सीमा तक
राधाकुण्‍ड,Radhakund,,1,राधाकुण्‍ड
राधाविनोदघेरा,Radha vinodghera,,1,राधाविनोदघेरा
राधानगरी,Radha nagari,,1,राधानगरी
राधानगर,Radha nagar,,4,राधानगर
राधामो‍हनवन,Radha mohanvan,,1,राधामो‍हनवन
प्यारमपुरा,Pyarampura,,1,प्यारमपुरा
पुष्पग्राम,Pushpgram,,1,पुष्पग्राम
पुषपदीप,Pushapdeep,,1,पुषपदीप
पुसैंता,Pusaita,,17,"गढ़ी अहीर, पुसैंता"
पुसैता,Pusaita,,1,पुसैता
पूरनाथोक,Puranthok,,1,पूरनाथोक
पूरनपुरी,Puranpuri,,1,पूरनपुरी
पूरनपुरा,Puranpura,,1,पूरनपुरा
पुरामना,Puramana,,10,"अभैदोपुरा, पुरामना"
पुरा,Pura,,32,अगनपुरा
पुण्डरीकपुरा,Pundarikapura,,1,पुण्डरीकपुरा
प्रयागघाट,Prayag ghat,,1,प्रयागघाट
प्रतापपुरा,Pratap pura,y,10,ईदगाह बस स्टेण्ड (प्रतापपुरा चौराहे से खेरिया हवाई अडडे तक)
प्रगतिपुरम,Pragati puram,,1,प्रगतिपुरम
पूठरी,Poothari,,1,पूठरी
पोइया,Poiya,,2,पोइया
पिसावा,Pisava,,7,"आजनोख, पिसावा"
पिरसुआ,Pirsuaa,y,2,पिरसुआ
पिपरैठा,Pipraitha,,6,पिपरैठा
पीपलमण्डी,Pipalmandi,,2,पीपलमण्डी
पिनाहट,Pinhat,,3,पिनाहट
पिल्होरा,Pilhora,,1,पिल्होरा
पिल्हौरा,Pilhaura,,6,पिल्हौरा
पिलौली,Pilauli,,1,पिलौली
पिढ़ौरा,Pidhaura,,1,पिढ़ौरा
पेंठगली,Penthgali,,1,पेंठगली
पेलखू,Pelakhu,,9,पेलखू
पीतमपुरा,Peetampura,,1,पीतमपुरा
पीरी,Peeri,,7,"नीमगांव, पीरी, बिबावली"
पींगरी,Peengari,,1,पींगरी
पीगरी,Peegari,,3,पीगरी
पायघुसियाना,Payghusiyan,,5,"घुसियाना, पायघुसियाना"
पायरतिया,Payartiya,,4,पायरतिया
पावसर,Pavsar,,1,पावसर
पवेसरा,Pavesara,,5,पवेसरा
पवावली,Pavavali,,1,पवावली
पौरी,Pauri,,5,पौरी
पत्थरपुरा,Pattharpura,,1,पत्थरपुरा
पत्‍थरपुरा,Pattharpura,,1,पत्‍थरपुरा
पतसाल,Patsal,,12,"कराही, पतसाल, सीकरी चार हिस्सा"
पटपरगंज,Patparganj,,2,पटपरगंज
पटलौनी,Patlauni,,11,"आगई, जादौपुर, पटलौनी"
पतीपुरा,Patipura,,1,पतीपुरा
पथवारी,Pathvari,,6,पथवारी
पथौली,Pathauli,,1,पथौली
पठानपाडा,Pathanpada,,1,पठानपाडा
पठानान,Pathanan,,2,पठानान
पाठकपुरा,Pathakpura,,1,पाठकपुरा
पटेलनगर,Patel nagar,,1,पटेलनगर
पशुवधशाला,Pashuvdhashala,,1,पशुवधशाला
पश्चिमपुरी,Pashchimpuri,,1,पश्चिमपुरी
पसौली,Pasauli,,6,पसौली
पर्वतपुर,Parvatpur,,2,पर्वतपुर
पारवतीपुरा,Parvatipura,,3,पारवतीपुरा
परतापुरा,Partapura,,2,गढि़या परतापुरा
परतापपुरा,Partapura,,1,परतापपुरा
पारसौली,Parsauli,,4,आ.का.पारसौली
परसौली,Parsauli,,1,परसौली
पारना,Parna,,3,पारना
परखमगूजर,Parkhamgoojar,,8,"चौमुहाँ, परखमगूजर"
परखम,Parkham,,2,"चौमुहाँ, परखमगूजर"
परिहार,Parihar,,2,परिहार
परचूनगी,Parchungi,,1,परचूनगी
पारसपल्सर्स,Paras pulsers,y,1,पारसपल्सर्स
पनवारी,Panvari,,6,अंसल ए पी आई पनवारी
पनोता,Panota,,1,पनोता
पनियांढाल,Paniyadhal,y,1,पनियांढाल
पंचवटी,Panchvati,,6,नगर पंचवटी/विस्तार
पंचकुन्या,Panchkunya,,1,पंचकुन्या
पंचकुईया,Panchkuiya,y,1,पंचकुईया
पनचक्की,Panchakki,,3,पनचक्की
पनौता,Panauta,,6,"छीतापुरा मोतीपुरा, नदीम, पनौता"
पलसों,Palso,y,5,पलसों
पल्लेदार,Palledar,,1,पल्लेदार
पालखेड़ा,Palkheda,,4,पालखेड़ा
पालखेडा,Palkheda,,1,पालखेडा
पलिया,Paliya,,2,आराजी पलिया
पालीखेडा,Palikheda,,4,पालीखेडा
पालीखेड़ा,Palikheda,,1,पालीखेड़ा
पाली,Pali,,25,उत्तम नगर एवं पालीवाल विद्यालय के पीछे की विक ासशील आबादी
पखरपुर,Pakharpur,,3,पखरपुर
पैसई,Paisai,y,1,पैसई
पैंतखेडा,Paintkheda,,5,"खाँड़ा, पैंतखेडा"
पैंतीखेड़ा,Paintikheda,,6,पैंतीखेड़ा
पैंठा,Paintha,,8,पैंठा
पैंठ,Painth,,2,पुरानी पैंठ
पैगाँव,Paigaon,y,18,पैगाँव
पैंगाव,Paigaon,y,1,पैंगाव
पई,Pai,y,3,"नेरा बांगर, मौहपई बॉगर"
पाहिरजौरा,Pahirjaura,,1,पाहिरजौरा
पहाड़पुरा,Pahadpura,,1,पहाड़पुरा
पहाडीखुर्द,Pahadikhurd,,1,पहाडीखुर्द
पहाडीकला,Pahadikala,,1,पहाडीकला
पड़रारी,Padrari,,19,"इटौली, जगतिया, पड़रारी"
पडकौली,Padkauli,,3,पडकौली
पाडल,Padal,,4,"पलसों, पाडल"
पचमौरी,Pachmauri,,5,"इरादतनगर, पचमौरी"
पचावर,Pachavar,,17,"खानपुर, पचावर"
पछैया,Pachaiya,,1,पछैया
पचहरा,Pach hara,y,2,"कौलाहर, पचहरा"
पब्बीपुर,Pabbipur,,3,"कराहरी, पब्बीपुर, पब्बीपुर"
ओमेक्स,Omex,y,2,ओमेक्स
ओमेक्‍स,Omex,y,1,ओमेक्‍स
ओमनगर,Om nagar,,1,ओमनगर
ओल,Ol,y,2,ओल
नुनेरा,Nunera,,5,"नगौड़ा, नुनेरा"
नूरपुर,Noorpur,,18,"उऩ्देरा, नूरपुर"
नोफरी,Nofri,,1,नोफरी
नोबरी,Nobri,,1,नोबरी
नोबस्ता,Nobasta,,1,नोबस्ता
निरालाबाद,Niralabad,,1,निरालाबाद
निनवाया,Ninvaya,,7,"अरदाया, निनवाया"
निमैना,Nimaina,,14,"कुल्हाड़ा, निमैना"
निबोहरा,Nibohara,,3,निबोहरा
नेकपुर,Nekpur,,3,नेकपुर
नीवरीरोड,Neevri road,,1,नीवरीरोड
नीमगांव,Neemgaon,y,7,नीमगांव
नीमगॉव,Neemgaon,y,1,नीमगॉव
नीमडाँडा,Neemdanda,,3,नीमडाँडा
नीलकंठ,Neelkanth,,3,ओम नीलकंठ धाम
नयेपुरा,Nayepura,,1,नयेपुरा
नयावास,Nayavas,,5,"अछनेरा, दौलतावाद, नयावास"
नयापुरा,Nayapura,,2,नयापुरा
नयागांव,Nayagaon,y,1,नयागांव
नावली,Navli,,6,"चांदपुर कलां, लालपुर मांट, नावली"
नवीपुर,Navipur,,23,अब्दुल नवीपुर खादर
नवलपुर,Navalpur,,2,नवलपुर
नवादा,Navada,,4,नवादा
नौवरी,Nauvari,,1,नौवरी
नौशेरपुर,Nausherpur,,1,नौशेरपुर
नौशेपुर,Naushepur,,1,नौशेपुर
नौरंगा,Nauranga,,14,"इटौली, जगतिया, भोजुआ, खजूरी, नौरंगा"
नौनी,Nauni,,13,"उदैना, नौनी"
नौंगाव,Naungav,y,2,नौंगाव
नौनेरा,Naunera,,1,नौनेरा
नौलक्खा,Naulakkha,,2,नाला नौलक्खा
नौहझील,Nauhjheel,,13,नौहझील
नौहरिका,Nauharika,,4,"नगला शेखूपुर, नौहरिका"
नौगवाँ,Naugava,y,3,नौगवाँ
नौगांव,Naugaon,y,2,नौगांव
नौगांवा,Nauganva,,6,नौगांवा
नौफरी,Naufari,,3,नौफरी
नौगाँव,Nau gaon,,1,नौगाँव
नटराजपुरम,Natrajpuram,,2,नटराजपुरम
नसीटी,Nasiti,,1,नसीटी
नसीराबाद,Naseerabad,,2,नसीराबाद
नसौआ,Nasauaa,y,10,"कौड़री, नसौआ"
नरवेहंसी,Narvehansi,,1,नरवेहंसी
नरवैहंसी,Narvaihansi,,1,नरवैहंसी
नरीपुरा,Naripura,,9,अजीजपुर ( नरीपुरा ट्रान्सफॉर्मर से अजीजपुर सिरौली मोड तक)
नरी,Nari,,11,अजीजपुर ( नरीपुरा ट्रान्सफॉर्मर से अजीजपुर सिरौली मोड तक)
नरहौली,Narhauli,,9,नरहौली
नरायणपुरी,Narayanpuri,,1,नरायणपुरी
नारौल,Naraul,,9,"इकराम नगर, नारौल"
नानपुर,Nanpur,,1,नानपुर
नन्दनपुरम,Nandpuram,,1,नन्दनपुरम
नन्दपुरा,Nandpura,,1,नन्दपुरा
नन्दगांव,Nandgaon,y,10,नन्दगांव
नंदगांव,Nandgaon,,4,नंदगांव
नन्दचौक,Nandchauk,,1,नन्दचौक
नानऊ,Nanau,y,3,"अरसैना, नानऊ"
नामनेर,Namner,,2,नामनेर
नामेनर,Namenar,,1,नामेनर
नखासा,Nakhasa,,1,नखासा
नाजिरपुरा,Najirpura,,5,नाजिरपुरा
नैनूपट्टी,Nainupatti,,3,नैनूपट्टी
नैनूपटटी,Nainupatti,,1,नैनूपटटी
नहटौली,Nahtauli,,1,नहटौली
नाहरा,Nahra,,3,नाहरा
नहचानी,Nahchani,,14,"डावली, वसैया रायमल, नहचानी"
नहर्रा,Naharra,y,3,नहर्रा
नाहरगंज,Naharganj,,2,नाहरगंज
नगूपुरा,Nagupura,,1,नगूपुरा
नगरी,Nagri,,2,आर०के०पुरम (ताजनगरी फेस 1)
नगलाकासिमपुर,Naglakasimpur,,1,नगलाकासिमपुर
नगौड़ा,Nagauda,,13,"नगला अर्जुन, नगौड़ा, नगला टोडर, सौंख खेड़ा"
नगरिया,Nagariya,,8,चौर नगरिया
नगरचन्द,Nagarchand,,1,नगरचन्द
नागर,Nagar,,11,"अ़़टूस, नागर"
नागल,Nagal,,3,"गौंगा, नागल"
नदगवाँ,Nadgava,y,3,नदगवाँ
नदीम,Nadeem,,24,"छीतापुरा मोतीपुरा, नदीम"
नदौता,Nadauta,,3,नदौता
नादऊ,Nadau,y,4,उडान चक नादऊ नरायच
नबीपुर,Nabipur,,1,नबीपुर
मुवारिकपुर,Muvarikpur,,1,मुवारिकपुर
मुवारिजपुर,Muvarijpur,,2,"बबरौद, मुवारिजपुर"
मुटनई,Mutnaee,y,1,मुटनई
मुतबल्लियान,Mutballiyan,,1,मुतबल्लियान
मुटावई,Mutavaee,y,4,मुटावई
मुस्तफाबाद,Mustafabad,,3,मुस्तफाबाद
मूसेपुर,Musepur,,1,मूसेपुर
मुरशदपुरा,Murshadpura,,1,मुरशदपुरा
मुरलीधरपुर,Murlidharpur,,1,मुरलीधरपुर
मुरकिया,Murkiya,,5,मुरकिया
मूरजा,Murja,,1,मूरजा
मुरावल,Muraval,,1,मुरावल
मुरैंडा,Murainda,,6,"खङवाई, मुरैंडा"
मुण्डापाडा,Mundapada,,1,मुण्डापाडा
मुखवार,Mukhvar,,1,मुखवार
मुखराई,Mukhrai,y,1,मुखराई
मुखरई,Mukhraee,y,8,"पनौता, मुखरई"
मुखेरियान,Mukheriyan,,1,मुखेरियान
मुकटपुरा,Mukatpura,,1,मुकटपुरा
मुकन्दपुर,Mukandpur,,1,मुकन्दपुर
मुजाहिदपुर,Mujahidpur,,2,"महावन बांगर, मुजाहिदपुर"
मुजफ्फरपुर,Mujaffarpur,,7,पट्टी मुजफ्फरपुर
मुईउद्दीनपुर,Muiuddinpur,y,5,"कुरावली, मुईउद्दीनपुर"
मुईउददीनपुर,Muiuddinpur,y,1,मुईउददीनपुर
मुईददीनपुर,Muiddinpur,y,1,मुईददीनपुर
मुहम्मदपुर,Muhmmadpur,,6,"जाजोली, मुहम्मदपुर"
मुडसेरस,Mudseras,,3,मुडसेरस
मुड़सैनिया,Mudsainiya,,5,"नगला टोडर, मुड़सैनिया"
मुडि़यापुरा,Mudiyapura,,1,मुडि़यापुरा
मुडेसी,Mudesi,,1,मुडेसी
मुबारिकपुर,Mubarikpur,,2,मुबारिकपुर
मुबारिजपुर,Mubarijpur,,1,मुबारिजपुर
मोतीपुरा,Motipura,,15,छीतापुरा मोतीपुरा
मोतीकुंज,Motikunj,,1,मोतीकुंज
मोतीगंज,Motiganj,,1,मोतीगंज
मोरी,Mori,,7,"अभुआपुराT.Aअंदर, अभैदोपुरा, बरौली, मोरी"
मोहनपुरा,Mohanpura,,1,मोहनपुरा
मोहनपुर,Mohanpur,,2,मोहनपुर
मोहम्मदपुर,Mohammadpur,,1,मोहम्मदपुर
मोदीपुरा,Modipura,,3,मोदीपुरा
मीयापाडा,Miyapada,,1,मीयापाडा
मियांपुर,Miyanpur,y,1,मियांपुर
मिट्ठौली,Mitthauli,,2,मिट्ठौली
मित्रपुरम,Mitra puram,,1,मित्रपुरम
मिठठौली,Miththauli,,1,मिठठौली
मितावली,Mitavali,,3,मितावली
मिताइली,Mitaili,y,1,मिताइली
मिश्री,Mishri,,1,धिमिश्री
मिश्रान,Mishran,,2,मिश्रान
मिरताना,Mirtana,,1,मिरताना
मीनाक्क्षीपुरम,Minakshi puram,,1,मीनाक्क्षीपुरम
मीनाक्षीपुरम,Minakshi puram,,1,मीनाक्षीपुरम
मिल्ककलां,Milkkala,yy,1,मिल्ककलां
मिल्कखुर्द,Milk khurd,,1,मिल्कखुर्द
मिलिक,Milik,,3,मिलिक
मिहावा,Mihava,,1,मिहावा
मिहाबा,Mihaba,,17,"डाढ़की, मंगलपुरा बरतरा, मिहाबा, बसई कलॉ"
मिड़कौली,Midkauli,,1,मिड़कौली
मिढाकुर,Midhakur,,1,मिढाकुर
मेवली,Mevli,,17,"नगला कासिमपुर, मेवली"
मेवला,Mevla,,3,मेवला
मेहनकी,Mehanki,,3,मेहनकी
मेघपुर,Meghpur,,2,मेघपुर
मीठपुरा,Meethpura,,3,मीठपुरा
मीरपुर,Meerpur,,7,अमीरपुर
मीरगंज,Meerganj,,1,मीरगंज
मायापुरी,Mayapuri,,1,मायापुरी
मयापुर,Mayapur,,1,मयापुर
मौरा,Maura,,1,मौरा
मौहसनाबाद,Mauhasanabad,,1,मौहसनाबाद
मौहम्मदपुर,Mauhammadpur,,1,मौहम्मदपुर
मऊ,Mau,y,2,"छीतापुरा मोतीपुरा, स्यारमऊ"
मउ,Mau,,1,मउ
मारूफ,Maruf,,2,मारूफ
मानविहार,Manvihar,,1,मानविहार
मण्टोला,Mantola,,3,नाला मण्टोला
मन्सूरपुरा,Mansurpura,,1,मन्सूरपुरा
मंशाटीला,Manshateela,,1,मंशाटीला
मन्शापुरी,Manshapuri,,1,मन्शापुरी
मंशापुरी,Manshapuri,,1,मंशापुरी
मानपुर,Manpur,,1,उसमानपुर
मनोहरपुरा,Manoharpura,,3,केशोपुरा मनोहरपुरा
मनकेंडा,Mankenda,,3,मनकेंडा
मनकैडा,Mankaida,,1,मनकैडा
मनिया,Maniya,,3,"उजरई, मनिया"
मनीपाडा,Manipada,,1,मनीपाडा
मानिकपुरा,Manikpura,,3,मानिकपुरा
मनोहरपुर,Maniharpur,,14,"कारव 3/4, किशनपुर, मनोहरपुर, खानपुर"
मनी,Mani,,2,"खाजपुर, मनीगढ़ी बांगर"
मांगरौली,Mangrauli,,3,मांगरौली
मांगरोलगूजर,Manglorgoojar,,5,"अकबरा, मांगरोलगूजर"
मंगलपुराबरतरा,Mangalpura bartara,,1,मंगलपुराबरतरा
मंगदपुर,Mangadpur,,1,मंगदपुर
मण्डी,Mandi,,64,अनाज मण्डी
मंदाकिनी,Mandakini,,2,मंदाकिनी
मनौना,Manauna,,1,मनौना
मानागढी,Managadhi,,1,मानागढी
मानागढ़ी,Managadhi,,1,मानागढ़ी
मलूपुर,Malupur,,1,मलूपुर
मलसराय,Malsaray,,1,मलसराय
मलपुरा,Malpura,,7,अभयपुरा ( श्रीराम गैस सर्विस चौराहे से मलपुरा तक)
मल्लपुरा,Mallpura,,1,मल्लपुरा
मल्लाहपाडा,Mallahpada,,1,मल्लाहपाडा
माल,Mall,y,16,अजीत मार्केट इस्मालिया
मालियान,Maliyan,,6,कठमालियान थोक
मालीपुरा,Malipura,,1,मालीपुरा
मालीपाडा,Malipada,,2,मालीपाडा
मलिकपुर,Malikpur,,7,"कौरई, मलिकपुर"
मल्हू,Malhu,,1,मल्हू
मल्है,Malhai,,3,"अचरू लधौरा, मल्है"
मालौनी,Malauni,,3,मालौनी
मखदूम,Makhdoom,,1,"छिनपारई खादर, मखदूमपुर खादर"
मैनागढ,Mainagadh,,1,मैनागढ
मैनबाजार,Main bajar,y,1,मैनबाजार
मई,Mai,y,35,"अरसैना, मई"
महुअर,Mahuar,y,6,"अभुआपुरा T.A.बाहर, गोपऊ, महुअर"
महुअन,Mahuan,,4,महुअन
महुआ,Mahuaa,y,14,"बुरहरा, महुआ खेड़ा"
महरौली,Mahrauli,,7,महरौली
महराना,Mahrana,,6,महराना
महोली,Maholi,,11,औधोगिक क्षेत्र साइट ए (महोली)
महमदपुर,Mahmadpur,,1,महमदपुर
महगोली,Mahgoli,,1,महगोली
महदेवा,Mahdeva,,3,"डाढ़की, महदेवा"
महावतपुर,Mahavatpur,,1,महावतपुर
महाव,Mahav,,12,एल आई जी क्वार्टर महाविद्या
महतपुरा,Mahatpura,,1,महतपुरा
महर्षिपुरम,Maharshi puram,,1,महर्षिपुरम
महाराजपुर,Maharajpur,,3,महाराजपुर
महापुर,Mahapur,,1,महापुर
महनकी,Mahanki,,1,महनकी
महदऊ,Mahamduu,y,5,"इमलावदा, महदऊ"
मगूरा,Magura,,4,मगूरा
मगौर्रा,Magorra,y,3,"गोपालपुर, मगौर्रा"
मगोर्रा,Magorra,y,1,मगोर्रा
मघेरा,Maghera,,1,मघेरा
मघटई,Maghatee,y,1,मघटई
माईथान,Maeethan,y,3,टीला माईथान
मडोरा,Madora,,1,मडोरा
मढ़ेपुरा,Madhepura,,3,मढ़ेपुरा
माधवपुरी,Madhavpuri,,1,माधवपुरी
मड़ायना,Madayana,,3,मड़ायना
मडौरा,Madaura,,15,"कन्जौली घाट बांगर, कन्जौली घाट खादर, मडौरा, मडौरा"
मादौर,Madaur,,7,"कन्जौली घाट बांगर, मादौर, मादौर"
मडौई,Madauee,y,6,मडौई
मडाइरा,Madaira,y,1,मडाइरा
लुहेंटा,Luhenta,,3,लुहेंटा
लुहारगली,Luhargali,,1,लुहारगली
लुहारा,Luhara,,1,गली लुहारान
लोरियापट्टी,Loriyapatti,,3,लोरियापट्टी
लोहवन,Lohvan,,5,"कारव 3/4, रायपुर मई वांगर, लोहवन"
लोहरवारी,Loharvari,,1,लोहरवारी
लोहामण्डी,Lohamandi,,2,लोहामण्डी
लोहकरेरा,Lohakrera,,9,लोहकरेरा
लोघोली,Logholi,,1,लोघोली
लोईबाजार,Loeebajara,y,1,लोईबाजार
लोधई,Lodhai,,1,लोधई
लीलाधाम,Leeladham,,1,लीलाधाम
लेदरी,Leathery,y,1,लेदरी
लौहरवारी,Lauharvari,,6,लौहरवारी
लौहरारी,Lauharari,,1,लौहरारी
लौहई,Lauhaee,y,4,"भालई, लौहई"
लौधौली,Laudhauli,,6,लौधौली
लश्करपुर,Lashkarpur,,1,लश्करपुर
लमतौरी,Lamtauri,,1,लमतौरी
ललुआ,Laluaa,y,1,ललुआ
लालपुरा,Lalpura,,3,लालपुरा
लालपुर,Lalpur,,17,गुलालपुर खादर
लालगढी,Lalgadhi,,1,लालगढी
लालगढ़ी,Lalgadhi,,1,लालगढ़ी
लालऊ,Lalau,y,3,लालऊ
लालागंज,Lalaganj,,1,लालागंज
लक्ष्मीपुरम,Lakshmi puram,,1,लक्ष्मीपुरम
लक्ष्मीनगर,Lakshmi nagar,,2,पोतरा कुण्ड चौराहे से लक्ष्मीनगर रेलवे क्रासिंग तक
लखुरानी,Lakhurani,,3,लखुरानी
लखनपुरा,Lakhanpura,,7,"कैथोली, पहाड़ी कलाँ, लखनपुरा, ऊँटगिर"
लखनपुर,Lakhanpur,,1,"कैथोली, पहाड़ी कलाँ, लखनपुरा, ऊँटगिर"
लखनामई,Lakhanamai,y,1,लखनामई
लकावली,Lakavali,,4,लकावली
लैदरी,Laidari,,3,लैदरी
लहरारी,Lahrari,,1,लहरारी
लहरा,Lahra,,1,लहरा
लहचोरा,Lahchora,,5,"तेहरा, लहचोरा"
लादूखेड़ा,Ladukheda,,13,"गड़सान, लादूखेड़ा"
लाड़पुर,Ladpur,,12,लाड़पुर
लाडपुर,Ladpur,,1,लाडपुर
लाडलीनगर,Ladli nagar,,1,लाडलीनगर
लाढपुर,Ladhpur,,1,लाढपुर
लड़ौआपुरा,Ladaoaapura,y,1,लड़ौआपुरा
लडामदा,Ladamada,,1,लडामदा
क्यौरी,Kyauri,,3,क्यौरी
क्यारी,Kyari,,1,क्यारी
क्वारी,Kvari,,1,क्वारी
कुतलूपुर,Kutlupur,,5,कुतलूपुर
कुठावली,Kuthavali,,1,कुठावली
कुर्राचित्तरपुर,Kurrachittarpur,y,3,कुर्राचित्तरपुर
कुरकुन्दा,Kurkunda,,1,कुरकुन्दा
कुरकन्दा,Kurkanda,,3,कुरकन्दा
कुरावली,Kuravali,,3,कुरावली
कुन्जेरा,Kunjera,,3,कुन्जेरा
कुण्डौल,Kundaul,,1,कुण्डौल
कुन्दनपुरी,Kundanpuri,,1,कुन्दनपुरी
कुम्मपुरा,Kummpura,,3,कुम्मपुरा
कुम्हारपाडा,Kumharpada,,1,कुम्हारपाडा
कुम्हारान,Kumharan,,4,कुम्हारान
कुम्‍हारान,Kumharan,,1,कुम्‍हारान
कुम्हार,Kumhar,,3,कुम्हार
कुल्हाड़ा,Kulhada,,6,कुल्हाड़ा
कुल्हाडा,Kulhada,,1,कुल्हाडा
कुकथरी,Kukthari,,1,कुकथरी
कुकथला,Kukthala,,11,"उजरई, कुकथला"
कुकावर,Kukavar,,9,कुकावर
कूकापुर,Kukapur,,1,कूकापुर
कुकन्डई,Kukandai,y,1,कुकन्डई
कुकण्डई,Kukandaee,y,9,कुकण्डई
कुडवारा,Kudvara,,1,कुडवारा
कुॅजेरा,Kuchera,,1,कुॅजेरा
कुबेरपुर,Kuberpur,,1,कुबेरपुर
कृष्णापुरी,Krishnapuri,,3,कृष्णापुरी
कृष्णकुन्ज,Krishnakunj,,1,कृष्णकुन्ज
कृष्णानगर,krishna nagar,,2,कृष्णानगर
कृष्णकुंज,krishna kunj,,2,कृष्णकुंज
कृष्णबिहार,Krishna bihar,,2,कृष्णबिहार
कृपालपुरा,Kripalpura,,1,कृपालपुरा
कृपाधाम,Kripadham,,1,कृपाधाम
कोयल,Koyal,,1,कोयल
कोटवन,Kotvan,,13,आई आई डी सी कोसी कोटवन
कोतवाली,Kotvali,,1,कोतवाली
कोटला,Kotla,,1,कोटला
कोठी,Kothi,,6,कोठी
कोथरा,Kothara,,1,कोथरा
कोटा,Kota,,7,कोटा
कोट,Kot,,6,आई आई डी सी कोसी कोटवन
कोसीकलां,Kosikala,,10,कोसीकलां
कोरियान,Koriyan,,2,कोरियान
कोरथ,Korath,,1,कोरथ
कोन्हई,Koni,,1,कोन्हई
कोंडरी,Kondari,,1,कोंडरी
कोलीपाडा,kolipada,,1,कोलीपाडा
कोल्हाई,Kolhaee,,1,कोल्हाई
कोह,Koh,,1,कोह
कीठम,Kitham,,8,कीठम
किशोरपुरा,Kishorpura,,8,किशोरपुरा
किशोरीकुन्ज,Kishorikunj,,1,किशोरीकुन्ज
किशनपुर,Kishanpur,,7,"कारव 3/4, किशनपुर"
कीर्तिरामनगर,Kirtiram nagar,,1,कीर्तिरामनगर
किरारई,Kiraree,y,1,किरारई
कीलपुरा,Kilpura,,1,कीलपुरा
कीलमठ,Kilmath,,1,कीलमठ
किलौनी,Kilauni,,9,"आगई, किलौनी"
ख्वासपुरा,Khwaspura,,1,ख्वासपुरा
खुर्शी,Khurshi,,8,"आदमपुर, खुर्शी"
खुलियापुरा,Khuliyapura,,1,खुलियापुरा
खोर,Khor,,1,खोर
खोजी,Khoji,,2,खोजी
खोहरी,Khohri,,3,खोहरी
खोहरा,Khohara,,3,खोहरा
खिटाविटा,Khitavita,,6,खिटाविटा
खिरारी,Khirari,,9,"इटौली, खिरारी"
खिलावली,Khilavali,,1,खिलावली
खिच्चरपुरा,Khichharpura,,1,खिच्चरपुरा
खेतलीपुरा,Khetalipura,,1,खेतलीपुरा
खेरिया,Kheriya,,8,ईदगाह बस स्टेण्ड (प्रतापपुरा चौराहे से खेरिया हवाई अडडे तक)
खेरट,Kherat,,1,खेरट
खेरागढ़,Kheragadh,,17,खेरागढ़
खेरागढ,Kheragadh,,16,"अयेला, बसई खेरागढ्"
खेरा,Khera,,1,"अयेला, बसई खेरागढ्"
खेगपाडा,Khegpada,,1,खेगपाडा
खेडिया,Khediya,,13,कलाल खेडिया
खेडा,Kheda,,71,"अभैदोपुरा, खेडा बाकन्दा"
खायरा,Khayra,,10,"अमानुल्लापुर, खायरा"
खावल,Khaval,,3,खावल
खतवार,Khatvar,,1,खतवार
खातीपाडा,Khatipada,,1,खातीपाडा
खटीकान,Khatikan,,2,खटीकान
खतैना,Khataina,,1,खतैना
खासपुर,Khaspur,,3,खासपुर
खरवा,Kharva,,1,खरवा
खरकना,Kharkana,,1,खरकना
खरिक,Kharik,,1,खरिक
खरौट,Kharaut,,17,"कोटवन, खरौट, खरौट, कोटवन"
खरगपुरा,Kharagpura,,1,खरगपुरा
खरगपुर,Kharagpur,,1,खरगपुर
खानपुर,Khanpur,,22,"कारव 3/4, किशनपुर, मनोहरपुर, खानपुर"
खाँकडा,Khankada,y,1,खाँकडा
खांकड़ा,Khankada,,3,खांकड़ा
खण्डेर,Khander,,3,खण्डेर
खंदौली,Khandauli,,7,खेडि़या खंदौली
खंदारी,Khandari,,3,खंदारी
खाँड़ा,Khanda,y,4,खाँड़ा
खांनपुर,Khananpur,y,6,खांनपुर
खामिनी,Khamini,,1,खामिनी
खलौआ,Khalauaa,y,6,खलौआ
खाल,Khal,,1,उदयपुर खालसा
खजूरी,Khajuri,,5,"इटौली, जगतिया, भोजुआ, खजूरी, नौरंगा"
खजुआपुरा,Khajuaapura,y,1,खजुआपुरा
खाजपुर,Khajpur,,2,खाजपुर
खैरडांडा,Khairdanda,,3,खैरडांडा
खैरट,Khairat,,1,खैरट
खैरानी,Khairani,,3,खैरानी
खडवाई,Khadvaee,y,15,खडवाई
खङवाई,khadvaee,y,12,खङवाई
खाडिया,Khadiya,,1,खाडिया
खड़ैरा,Khadaira,,7,खड़ैरा
केशोपुरा,Keshopura,,2,केशोपुरा
केशीघाट,Keshighat,,2,केशीघाट
केशवकुन्ज,Keshavkunj,,1,केशवकुन्ज
कवायला,Kavayala,,2,"करनपुर, कवायला"
कौथरा,Kauthara,,1,कौथरा
कौशलपुर,Kaushalpur,,1,कौशलपुर
कौरई,Kauraee,y,8,कौरई
कौन्हई,Kaunhaee,y,1,कौन्हई
कौलारी,Kaulari,,4,कौलारी
कौलक्खा,Kaulakkha,,2,कौलक्खा
कौलाहर,Kaulahar,,5,कौलाहर
कौकेरा,Kaukera,,3,कौकेरा
कौड़री,Kaudari,,8,कौड़री
कटरा,Katra,,66,कटरा
कठवारी,Kathvari,,8,कठवारी
कठूमरी,Kathumari,,5,कठूमरी
कटघर,Katghar,,2,कटघर
कासौटी,Kasauti,,2,कासौटी
कसाईपाडा,Kasaipada,y,1,कसाईपाडा
कारवान,Karvan,,1,कारवान
कर्मयोगी,Karmyogi,,5,कर्मयोगी
करकौली,Karkauli,,3,करकौली
करहारी,Karhari,,1,करहारी
करहला,Karhala,,7,करहला
करभना,Karbhana,,1,करभना
करौधना,Karaudhana,,3,करौधना
करनपुरी,Karanpuri,,3,करनपुरी
करनपुरा,Karanpura,,1,करनपुरा
करनपुर,Karanpur,,6,करनपुर
करनऊ,Karanau,,7,करनऊ
कराही,karahi,,8,कराही
कराहरी,Karahari,,5,कराहरी
कराहरा,Karahara,,23,कराहरा
करहकी,Karahaki,,1,करहकी
कपिलनगर,Kapil nagar,,1,कपिलनगर
कंसगेट,Kans gate,y,1,कंसगेट
काँकरखेड़ा,Kankarkheda,,4,"कान्हर पुरा, काँकरखेड़ा"
कांकरगढ़ी,Kankargadhi,,1,कांकरगढ़ी
कान्हरपुरा,Kanharpura,,1,कान्हरपुरा
कंगालपाडा,Kangalpada,,1,कंगालपाडा
कानेका,Kaneka,,1,कानेका
कनैरा,Kanaira,,4,कनैरा
कमतरी,kamtari,,1,कमतरी
कम्पूघाट,Kampughat,,1,कम्पूघाट
कमौनी,Kamauni,,1,कमौनी
कामर,Kamar,,10,कामर
कमंगरपाडा,Kamangarpada,,1,कमंगरपाडा
कमालपुरा,Kamalpura,,1,कमालपुरा
कमालपुर,Kamalpur,,3,कमालपुर
कमई,Kamaee,y,11,कमई
कल्यानपुर,Kalyanpur,,2,कल्यानपुर
कलवारी,Kalvari,,1,कलवारी
कलियानपुरा,Kaliyanpura,,1,कलियानपुरा
कलींजर,Kalinjar,,1,कलींजर
कालिन्दीपुरम,Kalindipuram,,1,कालिन्दीपुरम
कालीदह,Kalidah,,1,कालीदह
कलार,Kalar,,1,कलार
ककुआ,Kakuaa,y,8,ककुआ
ककरारी,Kakrari,,3,ककरारी
ककरैठा,Kakraitha,,4,ककरैठा
काजीपुरा,Kajipura,,1,काजीपुरा
काजीपाडा,Kajipada,,4,काजीपाडा
कैथोली,Kaitholi,,4,कैथोली
कैंजरा,Kainjara,,3,कैंजरा
कैमारवन,Kaimarvan,,2,कैमारवन
कागारौल,Kagaraul,,22,उँटगिर बाईपास रोड पर कागारौल चौराहा बाईपास रोड से सर्वेश्र्वर चौराहे पर
कढेरपुरा,Kadherpura,,1,कढेरपुरा
कादौना,Kadauna,,7,कादौना
कछपुरा,Kachpura,,2,कछपुरा
काछीपुरा,Kachipura,,2,काछीपुरा
काछीपाडा,Kachipada,,1,काछीपाडा
कचौरा,Kachaura,,7,कचौरा
कचनऊ,Kachanu,y,6,कचनऊ
कच्चागढ,Kacchagadh,,1,कच्चागढ
कबूलपुर,Kabulpur,,1,कबूलपुर
जुनसुटी,Juncity,,1,जुनसुटी
जुल्हैंदी,Julhaindi,,1,जुल्हैंदी
जुझार,Jujhar,,1,जुझार
जुगसेना,Jugsena,,6,जुगसेना
जुगसना,Jugsana,,8,जुगसना
जोताना,Jotana,,9,"औलेन्डा, जोताना"
जोशियान,Joshiyan,,3,जोशियान
जोशीगली,Joshigali,,1,जोशीगली
जोरावर,Joravar,,1,जोरावर
जोगीपुरा,Jogipura,,1,जोगीपुरा
जोगीपाड़ा,Jogipada,,1,जोगीपाड़ा
जोधपुर,Jodhpur,,1,जोधपुर
जिटोरा,Jitora,,8,"कराहरा, सगुनापुर, जिटोरा"
जिरौली,Jirauli,,1,जिरौली
जिकिरियापुर,Jikiriyapur,,6,जिकिरियापुर
जिखनगांव,Jikhangaon,,1,जिखनगांव
जिखनगॉव,Jikhangaon,,1,जिखनगॉव
झुड़ावई,Jhudavaee,y,1,झुड़ावई
झींगुरपुरा,Jhingurpura,,1,झींगुरपुरा
झीगुरपुरा,Jhigurpura,,1,झीगुरपुरा
झीटपुरा,Jheetpura,,2,झीटपुरा
झारोठी,Jharothi,,4,झारोठी
झरौठा,Jharautha,,8,"अरतौनी, विरौना, झरौठा"
झपरा,Jhapra,,1,झपरा
झडावई,Jhadavai,y,1,झडावई
जेसवां,Jesva,y,1,जेसवां
जेबरा,Jebra,,3,जेबरा
जवाहरपुरम,Jawaharpuram,,1,जवाहरपुरम
जवाहरपुर,Jawaharpur,,1,जवाहरपुर
जावली,Javli,,3,जावली
जाव,Jav,,6,जाव
जऊपुरा,Jaupura,,1,जऊपुरा
जौनई,Jaunai,y,5,जौनई
जौनाई,Jaunai,y,1,जौनाई
जौधपुर,Jaudhpur,y,1,जौधपुर
जटवारी,Jatvari,,7,जटवारी
जाटवान,Jatvan,,15,जाटवान
जटपुरा,Jatpura,,3,"इब्राहीमपुर, इब्राहीमपुर, शल्ल, शल्ल, जटपुरा"
जतीपुरा,Jatipura,,4,गोपालधाम क ालौनी (जतीपुरा)
जटौरा,Jataura,,10,जटौरा
जारौली,Jarauli,,2,जारौली
जरारी,Jarari,,7,जरारी
जरारा,Jarara,,2,जरारा
जरार,Jarar,,3,जरार
जनूथा,Janutha,,15,जनूथा
जानू,Janu,,1,जानू
जनरा,Janra,,1,जनरा
जंगलकटटी,Jangalkatti,,1,जंगलकटटी
जनकपुरी,Janakpuri,,1,जनकपुरी
जमुनीपुर,Jamunipur,,1,जमुनीपुर
जमुनावता,Jamunavata,,2,जमुनावता
जमुनाबिहार,Jamuna bihar,,1,जमुनाबिहार
जामपुर,Jampur,,1,जामपुर
जमालपुर,Jamalpur,,9,जमालपुर
जलालपुर,Jalalpur,,6,"जमालपुर, जलालपुर, जलालपुर"
जलाल,Jalal,,1,"जमालपुर, जलालपुर, जलालपुर"
जखौदा,Jakhauda,,3,जखौदा
जखा,Jakha,,1,जखा
जाजोली,Jajoli,,10,जाजोली
जाजऊ,Jajau,,21,"कौरई, जाजऊ"
जैतपुर,Jaitpur,,5,जैतपुर
जैत,Jait,,2,छरौरा ग्राम की प्रारम्भिक सीमा से जैत ग्राम की अन्तिम सीमा तक
जैसवां,Jaisva,y,1,जैसवां
जैंगारा,Jaingara,,1,जैंगारा
जैनगंज,Jainganj,,1,जैनगंज
जैगारा,Jaigara,,17,"अखवाई, जैगारा"
जहानपुर,Jahanpur,,3,जहानपुर
जगतिया,Jagtiya,,16,"इटौली, जगतिया"
जगराजपुर,Jagrajpur,,3,जगराजपुर
जगन्नाथुरी,Jagnnathuri,,1,जगन्नाथुरी
जगन्नाथपुरी,Jagnnathpuri,,1,जगन्नाथपुरी
जगनेर,Jagner,,58,अजीजपुर ( जगनेर रोड से अजीजपुर जाने वाली रोड से विद्युत उपखण्ड तक)
जगदीशपुरा,Jagdishpura,,2,जगदीशपुरा
जगदीशपुर,Jagdishpur,,4,"खानपुर, खानपुर, जगदीशपुर"
जगनपुरबेला,Jaganpurbela,,1,जगनपुरबेला
जगनपुर,Jaganpur,,7,जगनपुर
जाफरनगर,Jafar nagar,,1,जाफरनगर
जादौपुर,Jadaupur,,8,"आगई, जादौपुर, पटलौनी"
जचौंदा,Jachaunda,,1,जचौंदा
जचौदा,Jachauda,,1,जचौदा
जाबरा,Jabra,,1,जाबरा
जाब,Jab,,1,कैमारा पंजाबी कालाैनी
इव्राहीमपुर,Ivrahimpur,,3,इव्राहीमपुर
इटौरा,Itaura,,17,इटौरा
इटौली,Itauli,y,27,"अचरू लधौरा, अचरू लधौरा, इटौली, भैंसारा"
इटाइली,Itaily,y,1,इटाइली
इस्लामपुर,Islampur,,3,इस्लामपुर
इस्लामगंज,Islamganj,,1,इस्लामगंज
इसौली,Isauli,,3,इसौली
इरादतनगर,Iradat nagar,,8,इरादतनगर
इन्रद्रपुरी,Inradrapuri,,1,इन्रद्रपुरी
इन्दूपुरम,Indupuram,,1,इन्दूपुरम
इन्द्रवुरी,Indravuri,,1,इन्द्रवुरी
इन्द्रपुरी,Indrapuri,,1,इन्द्रपुरी
इन्द्रापुरम,Indrapuram,,1,इन्द्रापुरम
इन्द्राइनी,Indraini,y,1,इन्द्राइनी
इनायतपुर,Inayatpur,,1,इनायतपुर
इमलावदा,Imlavada,,2,इमलावदा
इकथरा,Ikthara,,1,इकथरा
इकरामनगर,Ikram nagar,,1,इकरामनगर
ईखू,Ikhu,y,1,ईखू
इकदन्ता,Ikdanta,,1,इकदन्ता
ईदगाह,Idgah,,16,ईदगाह
ईदौन,Idaun,,2,ईदौन
इब्राहीमपुर,Ibrahimpur,,4,इब्राहीमपुर
इब्राहिमपुर,Ibrahimpur,,1,इब्राहिमपुर
हुसैनपुरा,Husainpura,,1,हुसैनपुरा
हुसैनी,Husaini,,21,गढ़ी हुसैनी
हुलवाना,Hulvana,,10,हुलवाना
होलीपुरा,Holipura,,1,होलीपुरा
हेालीप्रजापति,Holi prajapati,y,1,हेालीप्रजापति
हिरोडा,Hiroda,,1,हिरोडा
हिरौंडा,Hiraunda,,1,हिरौंडा
हिरौडा,Hirauda,,10,"जाजऊ, हिरौडा"
हिम्मतपुरा,Himmatpura,,1,हिम्मतपुरा
हयातपुर,Hayatpur,,15,"नगला मीर बुलाकी, रावल बांगर, हयातपुर"
हतकान्त,Hatkant,,1,हतकान्त
हथकोली,Hathkoli,,13,"किलौनी, वनारसीपुर, हथकोली"
हाथिया,Hathiya,,6,हाथिया
हतावली,Hatavali,,2,"महुअन, हतावली"
हतौड़ा,Hatauda,,6,"अकौस बांगर, अकौस बांगर, हतौड़ा"
हताना,Hatana,,17,हताना
हस्तिनापुरी,Hastinapuri,,1,हस्तिनापुरी
हसनाबाद,Hasnabad,,3,मौहसनाबाद
हसेला,Hasela,,5,"गढीमा, हसेला"
हसनपुरा,Hasanpura,,1,हसनपुरा
हसनपुर,Hasanpur,,16,"गोठा, हसनपुर"
हसनजहॉपुर,Hasanjahopur,y,1,हसनजहॉपुर
हरनौल,Harnaul,,2,"सिर्रेला, हरनौल"
हरनाथिया,Harnathiya,,1,हरनाथिया
हरिजन,Harijan,,9,मौहल्ला हरिजन/जाटवान
हरीपुरा,Hari pura,,1,हरीपुरा
हरीनगर,Hari nagar,,2,हरीनगर
हरेकृष्‍णाधाम,Hare krishnadham,,2,हरेकृष्‍णाधाम
हरेकृष्णाधाम,Hare krishna dham,y,1,हरेकृष्णाधाम
हरदेवगंज,Hardevganj,,1,हरदेवगंज
हनुमानबाग,Hanumanbag,,1,हनुमानबाग
हंसपुरा,Hanspura,,7,"दुल्हारा, हंसपुरा"
हमजापुर,Hamjapur,,1,हमजापुर
हालनगंज,Halanganj,,1,हालनगंज
हकीमपुर,Hakeempur,,1,हकीमपुर
हज्जूपुरा,Hajjupura,,1,हज्जूपुरा
हाजीपुर,Hajipur,,2,हाजीपुर
हजारपुरा,Hajarpura,,1,हजारपुरा
हजारा,Hajara,,1,हजारा
हाबूडा,Habuda,,2,हाबूडा
ग्यासपुरा,Gyaspura,,1,ग्यासपुरा
गुतिला,Gutila,,1,गुतिला
गुसाई,Gusai,y,1,गली गुसाईयान
गुरूसगंज,Gurusaganj,,1,गुरूसगंज
गूरूसगंज,Gurusaganj,,1,गूरूसगंज
गुँगावली,Gungavali,,1,गुँगावली
गुंगावद,Gungavad,,5,गुंगावद
गुम्मट,Gummat,,3,गुम्मट
गुलशनावाद,Gulshanavad,,3,गुलशनावाद
गुलावगंज,Gulavganj,,3,गुलावगंज
गूजरपुरा,Gujarpura,,6,गूजरपुरा
गूजरघाटी,Gujarghati,,1,गूजरघाटी
गुगाबंद,Gugaband,,1,गुगाबंद
गुढा,Gudha,,7,"अभैदोपुरा, गुढा"
गुढ़ा,Gudha,,3,गुढ़ा
गुड़ेरा,Gudera,,10,"अनौड़ा, गुड़ेरा"
गुद्दरसौर,Guddarsaur,,2,गुद्दरसौर
गुबरौठ,Gubrauth,,1,गुबरौठ
गुबरारी,Gubrari,,6,गुबरारी
गोविन्दपुर,Govindpur,,2,गोविन्दपुर
गोविन्दगंज,Govindganj,,2,गोविन्दगंज
गोविन्‍दबाग,Govindbag,,1,गोविन्‍दबाग
गोविन्दपुरी,Govind puri,,2,गोविन्दपुरी
गोठरा,Gothara,,3,गोठरा
गोठा,Gotha,,11,"अरतौनी, गोठा"
गोसिली,Gosili,,3,गोसिली
गोरऊ,Gorau,,12,गोरऊ
गोरखपुरी,Gorakhpuri,,1,गोरखपुरी
गोरा,Gora,,5,गोरा
गोपनन्दा,Gopnanda,,1,गोपनन्दा
गोपनन्‍दा,Gopnanda,,1,गोपनन्‍दा
गोपीनाथबाग,Gopinath bag,,1,गोपीनाथबाग
गोपेश्‍वर,Gopeshvar,,2,गोपेश्‍वर
गोपेश्वर,Gopeshravar,y,4,गोपेश्वर
गोपऊ,Gopau,,20,"अभुआपुरा T.A.बाहर, गोपऊ"
गोपालपुरम,Gopalpuram,,2,गोपालपुरम
गोपालपुरा,Gopalpura,,2,गोपालपुरा
गोपालपुर,Gopalpur,,2,गोपालपुर
गोपालकुंज,Gopalkunj,,1,गोपालकुंज
गोमतीकुण्ड,Gomtikund,,1,गोमतीकुण्ड
गोलपाडा,Golpada,,1,गोलपाडा
गोकुलपुरा,Gokulpura,,3,गोकुलपुरा
गोकुलपुर,Gokulpur,,1,गोकुलपुर
गोकुलधाम,Gokuldham,,3,गोकुलधाम
गोहरा,Gohra,,1,गोहरा
गोबरा,Gobra,,5,गोबरा
गिरवरधाम,Girvardham,,1,गिरवरधाम
गिर्राजछाया,Girrajchaya,,1,गिर्राजछाया
गिरधरपुर,Girdharpur,,3,गिरधरपुर
गिदरौन,Gidraun,,1,गिदरौन
गिडोह,Gidoh,,10,गिडोह
घुसियाना,Ghusiyana,,16,"अटा, घुसियाना"
घोरोली,Ghoroli,,9,"उत्तू, घोरोली"
घोघई,Ghogai,,1,घोघई
घिलोय,Ghiloy,,4,"कराही, घिलोय"
घटियागोकुलपुरा,Ghatiya gokulpura,,1,घटियागोकुलपुरा
घसकटा,Ghaskata,,4,"गढ़ी करीमपुर, घसकटा"
घासीराम,Ghasiram,,2,घासीराम
गांठोली,Ghantholi,,2,गांठोली
घाघपुरा,Ghaghpura,,1,घाघपुरा
जनरलगंज,General ganj,,1,जनरलगंज
गीतापुरम,Geeta puram,,1,गीतापुरम
गौतमपाडा,Gautampada,,1,गौतमपाडा
गौतमनगर,Gautam nagar,,1,गौतमनगर
गौरीकुंज,Gaurikunj,,1,गौरीकुंज
गौंगा,Gaunga,,2,गौंगा
गौहर्रा,Gauharra,,2,गौहर्रा
गौहरपुर,Gauharpur,,1,गौहरपुर
गौहारी,Gauhari,,6,गौहारी
गऊघाट,Gaughat,y,4,गऊघाट
गाठौली,Gathauli,,1,गाठौली
गोसाईयान,Gasaiyan,y,1,गोसाईयान
गणपतिपुरम,Ganpatipuram,,1,गणपतिपुरम
गांजौली,Ganjauli,,1,गांजौली
गंज,Ganj,,29,अहिल्या गंज खादर
गंगरौआ,Gangrauaa,y,1,गंगरौआ
गंगेगोरी,Gangegori,,1,गंगेगोरी
गंगापुरम,Gangapuram,,1,गंगापुरम
गंगाधाम,Gangadham,,2,गंगाधाम
गंगासिटी,Ganga city,y,1,गंगासिटी
गनेशरा,Ganeshara,,1,गनेशरा
गांधीनगर,Gandhinagar,,1,गांधीनगर
गनैशरा,Ganaishara,,1,गनैशरा
गामरी,Gamri,,7,ओम बिहार गामरी
गजू,Gaju,,3,गजू
गजरौरा,Gajraura,,1,गजरौरा
गाजीपुर,Gajipur,,5,गाजीपुर
गजौरा,Gajaura,,3,गजौरा
गाजौली,Gajauli,,1,गाजौली
गैयरा,Gaiyra,,3,गैयरा
गैलाना,Gailana,,2,गैलाना
गगौरा,Gagaura,,3,गगौरा
गडसौली,Gadsauli,,13,गडसौली
गड़सान,Gadsan,,5,गड़सान
गडसान,Gadsan,,1,गडसान
गडरियापाडज्ञ,Gadriyapaddnya,y,1,गडरियापाडज्ञ
गडरियापाडा,Gadriyapada,,1,गडरियापाडा
गडरियान,Gadriyan,,4,कटरा गडरियान
गदपुरा,Gadpura,,1,गदपुरा
गढ़वार,Gadhvar,,1,गढ़वार
गढ़ीभीमा,Gadhubheema,,6,गढ़ीभीमा
गढसानी,Gadhsani,,1,गढसानी
गढसान,Gadhsan,,1,गढसान
गढीमा,Gadhima,,14,गढीमा
गाधीनगर,Gadhi nagar,,1,गाधीनगर
गढी,Gadhi,,27,"अरदाया, गढी चन्द्रमन"
गढैया,Gadhaiya,,1,गढैया
फूलपुर,Fulpur,,6,फूलपुर
फुबबारा,Fubbara,,2,फुबबारा
फुब्बारा,Fubbara,,1,फुब्बारा
फ्रीगंज,Freeganj,,2,फ्रीगंज
फौंडर,Fonder,y,3,फौंडर
फोडर,Fodar,,1,फोडर
फतिहा,Fatiha,,2,फतिहा
फतेहपुरा,Fatehpura,,8,"अर्रूआ खास, फतेहपुरा"
फतेहाबाद,Fatehabad,,3,फतेहाबाद
फतेगंज,Fateganj,,1,फतेगंज
फरैयापुरा,Faraiyapura,,1,फरैयापुरा
फरैरी,Farairi,,1,फरैरी
फरैरा,Faraira,,1,फरैरा
फालैन,Falain,,25,फालैन
फजीयतपुरा,Fajiyatpura,,1,फजीयतपुरा
फैंचरी,Fainchari,,1,फैंचरी
फैचरी,Faichari,,1,फैचरी
ऐंच,Ench,y,1,ऐंच
एमनपुरा,Emanpura,,1,एमनपुरा
एलोरा,Elora,y,3,एलोरा
ज्ञानगुदडी,Dyangudadi,y,1,ज्ञानगुदडी
द्धारिकाधीशधाम,Dwarikadhishdham,,1,द्धारिकाधीशधाम
दुर्गेशपुरी,Durgeshpuri,,1,दुर्गेशपुरी
दुर्गापुरम,Durgapuram,,4,दुर्गापुरम
दुर्गापुरी,Durga puri,,2,दुर्गापुरी
दूरा,Dura,,11,"टीकरी, दूरा, वाजीदपुर, वैमन"
डूँगरवाला,Dungarvala,,9,"कुकण्डई, नगला साँथल, डूँगरवाला"
डूंगरवाला,Dungarvala,,1,डूंगरवाला
दुनैटिया,Dunaitiya,,4,दुनैटिया
दुल्हारा,Dulhara,,6,"औलेन्डा, दुल्हारा"
दोदापुरा,dodapura,,3,दोदापुरा
दियोनारी,Diyonari,,10,दियोनारी
दिवा,Diva,,2,दिवा
डिठवार,Dithvar,,8,"अ़़टूस, डिठवार"
डिरावली,Diravali,,3,डिरावली
दिगनेर,Dinger,,3,दिगनेर
दिलूपट्टी,Dilupatti,,4,आ.का. दिलूपट्टी
दिगरौता,Digrauta,,12,"गोरऊ, गोरऊ, दिगरौता"
डीगगेट,Dig gate,,1,डीगगेट
धौरऊ,Dhorau,y,3,धौरऊ
ढोलीखार,Dholikhar,,1,ढोलीखार
धोबीगली,Dhobigali,,1,धोबीगली
धोबई,Dhobaee,y,1,धोबई
धिमिश्री,Dhimishri,,3,धिमिश्री
धीमरपाडा,Dheemarpada,,1,धीमरपाडा
धायपुरा,Dhaypura,,1,धायपुरा
धौर्रा,Dhaurra,,1,धौर्रा
धौबियान,Dhaubiyan,,1,धौबियान
धर्मसींगा,Dharmsinga,,1,धर्मसींगा
धर्मशाला,Dharmshala,,6,"अग्रवाल धर्मशाला,वर्मा कॉलोनी"
धर्मपुरा,Dharmpura,,1,धर्मपुरा
धरैरा,Dharaira,,5,धरैरा
धनोली,Dhanoli,,19,"अछनेरा (देहात), धनोली"
धनकोट,Dhankot,,1,धनकोट
धनियाँपुरा,Dhaniyapura,,1,धनियाँपुरा
धनगांव,Dhangaon,,1,धनगांव
धनगाँव,Dhangaon,,1,धनगाँव
धनीना,Dhaneena,,7,धनीना
धानावीरान,Dhanaveeran,,1,धानावीरान
धनौली,Dhanauli,,1,धनौली
धानाखेमा,Dhanakhema,,2,धानाखेमा
धानाजीवना,Dhanajeevana,,1,धानाजीवना
धमसीगा,Dhamseega,,11,"खरौट, खरौट, धमसीगा"
धमौटा,Dhamauta,,3,धमौटा
ढकू,Dhaku,,1,ढकू
ढकपुरा,Dhakpura,,1,ढकपुरा
देवतापाडा,Devtapada,,1,देवतापाडा
देवसेरस,Devseras,,1,देवसेरस
देवरी,Devri,,13,कौलक्खा (आगरा देवरी रोड)
देवपुरा,Devpura,,3,देवपुरा
देवलोकपुरी,Devlokpuri,,2,देवलोकपुरी
देवीपुरम,Devipuram,,1,देवीपुरम
देवनगर,Dev nagar,,3,देवनगर
देशलान,Deshlan,,1,देशलान
डेरासरस,Derasaras,,1,डेरासरस
डेरक,Derak,,3,डेरक
दीवाना,Deewana,,1,दीवाना
दीनपुरा,Deenpura,,1,दीनपुरा
दयौरेठा,Dayauretha,,3,दयौरेठा
दयालग्रीन,Dayalagrin,,1,दयालग्रीन
दयालनगर,Dayal nagar,,1,दयालनगर
दयालबाग,Dayal bag,,1,दयालबाग
डावली,Davli,,12,"अभुआपुरा T.A.बाहर, डावली, अभुआपुरा T.A.बाहर"
डावर,Davar,,8,"खेडा जाट, डावर"
दौताना,Dautana,,7,दौताना
दौरेठा,Dauretha,,1,दौरेठा
दौलतपुर,Daulatpur,,29,आर के पुरम क ालौनी (दौलतपुर फरह
दौलतावाद,Daulatavad,,6,"अछनेरा, दौलतावाद, नयावास"
डौकी,Dauki,,3,डौकी
दाऊजीधाम,Daujidham,y,1,दाऊजीधाम
दाऊदपुर,daudpur,y,7,"उत्तू, दाऊदपुर"
दतिया,Datiya,,1,दतिया
दर्जीपाडा,Darjipada,,1,दर्जीपाडा
दाऊद,Daood,y,1,"उत्तू, दाऊदपुर"
दनकशा,Dankasha,,1,दनकशा
डांडरा,Dandara,,1,डांडरा
डाँडा,Danda,y,10,"घुसियाना, डाँडा"
डांडा,Danda,,1,खैरडांडा
दामोदरपुरा,Damodarpura,,3,दामोदरपुरा
दामोदरपुरम,Damodar puram,,1,दामोदरपुरम
दलिहाई,Dalihaee,y,1,दलिहाई
दलौता,Dalauta,,9,"कोसीकलां, दलौता"
दहतोरा,Dahtora,,1,दहतोरा
डहरुआ,Dahruaa,,1,डहरुआ
डहरूआ,Dahruaa,,1,डहरूआ
डाहरौली,Dahroli,,6,डाहरौली
दहगवां,Dahgavan,y,1,दहगवां
दहगवाँ,Dahgava,y,10,दहगवाँ
दहगांव,Dahgaon,y,11,"कामर, कामर, दहगांव, कामर"
डगरूपुरा,Dagrupura,,1,डगरूपुरा
दघेटा,Dagheta,,6,दघेटा
दादूपुरा,Dadupura,,1,दादूपुरा
डडूकरा,Dadukara,,5,डडूकरा
डाडरा,Dadra,,1,डाडरा
डाडकी,Dadki,,1,डाडकी
डडीसरा,Dadisara,,3,डडीसरा
डाढ़की,Dadhki,,13,"छत्तापुरा, डाढ़की"
डाडा,Dada,,1,डाडा
डाबर,Dabur,,1,डाबर
डभाला,Dabhala,,7,डभाला
डबरई,Dabaraee,y,6,डबरई
काम्पलेक्स,Complex,,14,उपाध्याय काम्पलेक्स
चुरमुरा,Churmura,,1,चुरमुरा
चुरियारी,Churiyari,,2,चुरियारी
चूहरा,Chuhra,,1,चूहरा
चूहरपुर,Chuharpur,,3,चूहरपुर
चूराहंसी,Choorahansi,,2,चूराहंसी
चित्राहाट,Chitrahat,,1,चित्राहाट
चितौरा,Chitaura,,3,चितौरा
चिरहौली,Chirhauli,,1,चिरहौली
छीपीटोला,Chipitola,,13,चक्कीपाट ( बिजली घर बस स्टेण्ड से छीपीटोला सांई की तकिया चौराहे तक)
छीपीगली,Chipigali,,1,छीपीगली
चिन्तागढी,Chintagadhi,,1,चिन्तागढी
चिण्डौली,Chindauli,,1,चिण्डौली
चिल्लीपाड़ा,Chillipada,,2,चिल्लीपाड़ा
चीलगढ,Chilgadh,,1,चीलगढ
चिकसौली,Chiksauli,,6,चिकसौली
चीकनीपुरा,Chiknipura,,1,चीकनीपुरा
छिकाड़ा,Chikada,,10,छिकाड़ा
चेतकपुरम,Chetakpuram,,1,चेतकपुरम
चेतकपुर,Chetakpur,,1,चेतकपुर
चेकोरा,Chekora,,13,चेकोरा
चीतपुर,Cheetpur,,11,"कागारौल, चीतपुर"
चीत,Cheet,,14,"कागारौल, चीत"
चावली,Chavli,,3,चावली
चौथईया,Chauthaiya,y,1,चौथईया
चौरंगाहार,Chaurangahar,,3,चौरंगाहार
चौंसिंगी,Chaunsingi,,1,चौंसिंगी
चौमुहाँ,Chaumuha,y,7,चौमुहाँ
चौमाशाहपुर,Chaumashahpur,,1,चौमाशाहपुर
चौमाफरह,Chaumafarah,,2,"अरसैना, चौमाफरह"
छौली,Chauli,,7,"अवैरनी, छौली, बन्दी"
चौकड़ा,Chaukada,,3,चौकड़ा
चौकडा,Chaukada,,1,चौकडा
चौहटना,Chauhatna,,1,चौहटना
चौहरी,Chauhari,,1,चौहरी
चौगान,Chaugan,,1,चौगान
चौधरपाडा,Chaudharpada,,1,चौधरपाडा
चतुर्भुजी,Chaturbhuji,,1,चतुर्भुजी
छत्तापुरा,Chattapura,,3,छत्तापुरा
चटसाल,Chatsal,,1,चटसाल
छटीकरा,Chatikara,,5,छटीकरा
छाता,Chata,,23,छाता
चरीथा,Charitha,,3,चरीथा
चारबाग,Charbag,,1,चारबाग
छरौरा,Charaura,,3,अलवर पुल से छरौरा ग्राम की प्रारम्भिक सीमा तक
छरौंरा,Charaunra,,1,छरौंरा
छ्पेटी,Chapeti,,1,छ्पेटी
छपैटी,Chapaiti,,1,छपैटी
चाणक्यपुरी,Chankyapuri,,1,चाणक्यपुरी
चाँगौली,Changauli,,1,चाँगौली
चन्दसोरा,Chandsora,,1,चन्दसोरा
चन्दसौंरा,Chandsonra,y,1,चन्दसौंरा
चन्द्रसौरा,Chandrasaura,,5,"उदैना, चन्द्रसौरा"
चन्द्रपुरी,Chandrapuri,,1,चन्द्रपुरी
चन्द्रपुर,Chandrapur,,1,चन्द्रपुर
चन्द्रानगर,Chandra nagar,,1,चन्द्रानगर
चन्दोरी,Chandori,,6,चन्दोरी
चाँड़ी,Chandi,y,3,चाँड़ी
चाँडी,Chandi,,1,चाँडी
चंदौरी,Chandauri,,1,चंदौरी
चांचौंद,Chanchaund,y,4,"गुंगावद, चांचौंद"
चमरौली,Chamrauli,,7,चमरौली
चमरौला,Chamraula,,3,चमरौला
चमरौआ,Chamrauaa,y,1,चमरौआ
चमरगढी,Chamargadhi,,1,चमरगढी
छलेसर,Chalesar,,2,छलेसर
चकसावन्त,Chaksavant,,1,चकसावन्त
चकसामन्त,Chaksamant,,1,चकसामन्त
चकलेश्वर,Chakleshravar,y,1,चकलेश्वर
चक्कीपाट,Chakkipat,,2,चक्कीपाट
छाजू,Chaju,,3,छाजू
छगनपुरा,Chaganpura,,1,छगनपुरा
छड़गांव,Chadhgaon,,11,"खेडि़या, छड़गांव, छड़गांव, छड़गांव, छड़गांव"
चाचोंद,Chachond,,1,चाचोंद
ब्यौंही,Byaunhi,,11,"अनौड़ा, ब्यौंही"
ब्यारा,Byara,,2,ब्यारा
बुरहरा,Burhara,,12,"खानपुर, बुरहरा"
बुलाकपुर,Bulakpur,,2,बुलाकपुर
बुखरारी,Bukhrari,,6,बुखरारी
बुढेरा,Budhera,,1,बुढेरा
बुढाना,Budhana,,7,बुढाना
बुढैरा,Budhaira,,1,बुढैरा
बृजधाम,Brujdham,,5,बृजधाम
बृथला,Brithala,,1,बृथला
बृजबिहार,Brij bihar,,1,बृजबिहार
बृह्मनगर,Brihmnagar,,1,बृह्मनगर
ब्रजधाम,Brajdham,,4,ब्रजधाम
ब्रह्रमकुण्‍ड,Brahramkund,y,1,ब्रह्रमकुण्‍ड
ब्रहमपुरी,Brahampuri,,1,ब्रहमपुरी
ब्राहाम्णपुरी,Brahamnpuri,,1,ब्राहाम्णपुरी
ब्रहमकुण्‍ड,Brahamkund,,1,ब्रहमकुण्‍ड
ब्रहमनगर,Braham nagar,,2,ब्रहमनगर
बोरपा,Borpa,,4,बोरपा
बोदला,Bodla,,3,बोदला
बिवाबली,Bivabali,,1,बिवाबली
बीरवल,Birval,,3,बीरवल
बिरूनी,Biruni,,1,बिरूनी
बिरजापुर,Birjapur,,1,बिरजापुर
बिरहना,Birhana,,3,"पीरी, बिरहना"
बिरौना,Birauna,,1,बिरौना
बिन्दुवुलाकी,Binduvulaki,,2,"बाढ़ौन, बिन्दुवुलाकी"
बिन्दुबुलाकी,Bindubulaki,,1,बिन्दुबुलाकी
बिन्दागंज,Bindaganj,,1,बिन्दागंज
बिलौनी,Biloni,,6,बिलौनी
बिल्लोचपुरा,Billochpura,,1,बिल्लोचपुरा
बिल्हैनी,Bilhaini,,1,बिल्हैनी
बिलौठी,Bilauthi,,1,बिलौठी
बिलौडा,Bilauda,,1,बिलौडा
बिलन्दपुर,Bilandpur,,1,बिलन्दपुर
बिजवारी,Bijvari,,1,बिजवारी
बिजकौली,Bijkauli,,1,बिजकौली
बिझामई,Bijhamai,y,1,बिझामई
बिजौली,Bijauli,,6,बिजौली
बिहारीपुरा,Biharipura,,1,बिहारीपुरा
बिहारीपुर,Biharipur,,2,बांकेबिहारीपुरम
बिहारी,Bihari,,22,ओमआनन्द बिहारी क ालौनी (दौलतपुर फ
बिचपुरी,Bichpuri,,10,"खजूरी, बन्शै, बिचपुरी पोलुआ, भोजुआ"
बिचौला,Bichaula,,1,बिचौला
बिबावली,Bibavali,,3,"नीमगांव, पीरी, बिबावली"
भूतेश्र्वर,Bhyteshravar,y,7,एम0आर0 कॉम्पलैक्स (भूतेश्र्वर)
भूतेश्वर,Bhuteshravar,y,1,भूतेश्वर
भूरेका,Bhureka,,1,भूरेका
भूरा,Bhura,,5,दिवा अंश भूरा
भूडासनी,Bhudasni,,1,भूडासनी
भूड़ासानी,Bhudasani,,2,भूड़ासानी
भुडरसू,Bhudarsu,,1,भुडरसू
भुड़रसू,Bhudarsu,,1,भुड़रसू
भूडरी,Bhudari,,1,भूडरी
भूड़री,Bhudari,,1,भूड़री
भूड़ा,Bhuda,,8,भूड़ा
भोपुर,Bhopur,,25,"घुसियाना, नगला दूल्हे खॉ, भोपुर खेरागढ़"
भोनिगापुरा,Bhonigapura,,1,भोनिगापुरा
भोलेधाम,Bholedham,,3,भोलेधाम
भोजुआ,Bhojuaa,y,18,"इटौली, जगतिया, भोजुआ, खजूरी, नौरंगा"
भोजपुरा,Bhojpura,,1,भोजपुरा
भोजपुर,Bhojpur,,7,"चीत, कागारौल, भोजपुर"
भोगीपुरा,Bhogipura,,2,पुनीत अपार्टमेन्ट भोगीपुरा
भोगलपुरा,Bhogalpura,,1,भोगलपुरा
भिलावटी,Bhilavati,,10,भिलावटी
भिलावली,Bhilavali,,19,"ऊँटगिर, भिलावली"
भिड़ावली,Bhidavali,,8,"थपेड़ा, भिड़ावली"
भीतरी,Bheetari,,1,भीतरी
भीमा,Bheema,,3,गढी भीमा
भीम,Bheem,,7,गढी भीमा
भीकनपुर,Bheekanpur,,6,भीकनपुर
भवनपुरा,Bhavanpura,,5,"जगनेर, भवनपुरा"
भरतियाका,Bhartiyaka,,1,भरतियाका
भरतिया,Bhartiya,,13,"झरौठा, भरतिया"
भरतार,Bhartar,,1,भरतार
भरनाकलां,Bharnakala,y,6,भरनाकलां
भरऊगढ़,Bharaugadh,y,6,"नगला भरऊ, भरऊगढ़"
भरापुर,Bharapur,,1,भरापुर
भारा,Bhara,,8,"कठूमरी, भारा"
भनपुरा,Bhanpura,,4,पट्टी भनपुरा
भांकर,Bhankar,,12,"अयेला, भांकर"
भंगीपाडा,Bhangipada,,1,भंगीपाडा
भांडई,Bhandee,y,1,भांडई
भलोखरा,Bhalokhara,,1,भलोखरा
भालई,Bhalaee,y,3,"डडीसरा, भालई"
भाकर,Bhakar,,1,भाकर
भैंसौंन,Bhaisainan,y,2,भैंसौंन
भैसा,Bhaisa,,2,"टाउनएरिया राया ,भैसारा"
भैंसोंन,Bhainsonan,y,1,भैंसोंन
भैंसारा,Bhainsara,,13,"अचरू लधौरा, अचरू लधौरा, इटौली, भैंसारा"
भैंसा,Bhainsa,,2,"अचरू लधौरा, अचरू लधौरा, इटौली, भैंसारा"
भागूपुर,Bhagupur,,1,भागूपुर
भगोसा,Bhagosa,,1,भगोसा
भाघौर,Bhaghaur,,1,भाघौर
भगौसा,Bhagausa,,4,भगौसा
भगतुआ,Bhagatuaa,a,1,भगतुआ
भदरौली,Bhadrauli,,3,भदरौली
भडोखर,Bhadokhar,,7,भडोखर
भडकौल,Bhadkaul,,4,भडकौल
भडीरी,Bhadiri,,1,भडीरी
भदेरूआ,Bhaderuaa,y,1,भदेरूआ
भदाया,Bhadaya,,1,भदाया
भदावल,Bhadaval,,1,भदावल
भदौरा,Bhadaura,,1,भदौरा
भदार,Bhadar,,1,भदार
भदनवारा,Bhadanvara,,1,भदनवारा
भाडंई,Bhadanee,y,1,भाडंई
भाड़ई,Bhadaee,y,1,भाड़ई
बेरुका,Beruka,,1,बेरुका
बेरीचाहर,Berichahar,,1,बेरीचाहर
बेरी,Beri,,20,"कागारौल, बेरी चाहर"
बेरा,Bera,,2,बेरा
बेलनगंज,Belanganj,,2,बेलनगंज
बेगमपुर,Begampur,,8,बेगमपुर
बीसलपुर,Beesalpur,,4,बीसलपुर
बावरपुर,Bavarpur,,4,"गौहर्रा, बावरपुर"
बौद्वनगर,Baudva nagar,,1,बौद्वनगर
बटेश्वर,Bateshravar,y,1,बटेश्वर
बसेरीकाजी,Baserikaji,,3,बसेरीकाजी
बसौंती,Basaunti,,1,बसौंती
बसईखेरागढ,Basai kheragadh,y,1,बसईखेरागढ
बसई,Basai,y,68,"अयेला, बसई खेरागढ्"
बरसाना,Barsana,,9,चेतराम बरसाना वाली गली के दाेनो साइड
बरका,Barka,,12,बरका
बरहाना,Barhana,,9,बरहाना
बरहन,Barhan,,5,नई बस्ती बरहन रोड
बरहा,Barha,,3,बरहा
बरचावली,Barchavali,,1,बरचावली
बरौली,Barauli,,14,"अभुआपुराT.Aअंदर, अभैदोपुरा, बरौली, मोरी"
बरारी,Barari,,4,गुबरारी
बरारा,Barara,,1,बरारा
बरैन्डा,Barainda,,3,बरैन्डा
बारहपुरा,Barahpura,,1,बारहपुरा
बाराहघाट,Barah ghat,,1,बाराहघाट
बन्शै,Banshai,,12,"खजूरी, बन्शै, बिचपुरी पोलुआ, भोजुआ"
बनखण्डी,Bankhandi,,2,बनखण्डी
बांकेबिहारीपुरम,Bankebihari puram,,1,बांकेबिहारीपुरम
बनियांपाड़ा,Baniyanpada,y,1,बनियांपाड़ा
बांगकला,Bangkala,,4,बांगकला
बांईपुर,Baneepur,y,3,गढी बांईपुर खसरा नं0 1 से 800 तक
बन्दीद्वार,Bandidwar,,1,बन्दीद्वार
बन्दी,Bandi,,6,"अवैरनी, छौली, बन्दी"
बाँधनू,Bandhanu,y,1,बाँधनू
बंड़ौस,Bandaus,,1,बंड़ौस
बना,Bana,,8,"खिरारी, बना, बना, सीयरा, इटौली"
बमरौली,Bamrauli,,15,बमरौली
बामोली,Bamoli,,1,बामोली
बामौली,Bamauli,,1,बामौली
बमनपुरा,Bamanpura,,1,बमनपुरा
बालूगंज,Baluganj,,17,आकृति अपार्टमेन्ट बालूगंज
बल्टीकरी,Baltikari,,7,"जुगसना, बल्टीकरी"
बलरामपुर,Balrampur,,2,बलरामपुर
बलीपुर,Balipur,,1,बलीपुर
बल्हेरा,Balhera,,3,बल्हेरा
बल्हैरा,Balhaira,,7,धनोली ( बल्हैरा मोड श्रीराम गैस सर्विस चौराहे तक)
बल्देवपुरी,Baldevpuri,,1,बल्देवपुरी
बल्देवगढ,Baldevgadh,,1,बल्देवगढ
बल्देवराेड,Baldev road,,1,बल्देवराेड
बालाजीपुरम,Balajipuram,,1,बालाजीपुरम
बालाजीधाम,Balajidham,,1,बालाजीधाम
बलाई,Balaee,y,3,बलाई
बकालपुर,Bakalpur,,1,बकालपुर
बाकलपुर,Bakalour,,3,बाकलपुर
बकला,Bakala,,3,"नीमगांव, बकला"
बाजना,Bajna,,3,गोविन्दपुर में बाजना पुल के बगल से बाजना होकर अरहेरा गांव की सीमा तक
बाजिदपुर,Bajidpur,,1,बाजिदपुर
बजहेरा,Bajhera,,1,बजहेरा
बझेड़ा,Bajheda,,6,बझेड़ा
बझेडा,Bajheda,,1,बझेडा
बाजीदपुर,Bajeedpur,,7,बाजीदपुर
बाजारकलां,Bajarkala,y,1,बाजारकलां
बजरिया,Bajariya,,2,तमसर कुन्ज बजरियान
बाजार,Bajar,,93,असकुण्डा बाजार
बजाजा,Bajaja,,1,बजाजा
बैरी,Bairi,,1,बैरी
बैरागपुरा,Bairagpura,,1,बैरागपुरा
बाईपुर,Baipur,y,9,बाईपुर
बैनीपाडा,Bainipada,,1,बैनीपाडा
बैनई,Bainaee,y,1,बैनई
बैलोट,Bailot,,1,बैलोट
बैकुण्ठपुर,Baikunthpur,,1,बैकुण्ठपुर
बाईखेडा,Baikheda,y,3,बाईखेडा
बार्इंखेड़ा,Baikheda,y,1,बार्इंखेड़ा
भाऊपुरा,Bahupura,,3,भाऊपुरा
बहरावली,Bahravali,,1,बहरावली
बहेंटा,Bahenta,,1,बहेंटा
बहादुरपुरा,Bahadurpura,,1,बहादुरपुरा
बहादीन,Bahadin,,3,बहादीन
बाह,Bah,,1,अभुआपुरा T.A.बाहर
बाघर्रा,Baghrra,,1,बाघर्रा
बघरैना,Baghraina,,1,बघरैना
बाघोर,Baghor,,1,बाघोर
बघेलान,Baghelan,,3,बघेलान
बाघौर,Baghaur,,1,बाघौर
बगदा,Bagda,,1,बगदा
बागबुन्‍देला,Bagbundela,,1,बागबुन्‍देला
बडवाला,Badvala,,2,बडवाला
बदरौली,Badrauli,,5,"पाली किरावली, सोनोठी, बदरौली"
बाढपुरा,Badhpura,,3,बाढपुरा
बढौता,Badhauta,,1,बढौता
बाढ़ौन,Badhaun,,2,बाढ़ौन
बाढौन,Badhaun,,1,बाढौन
बाधरर्‌ा,Badhara,,1,बाधरर्‌ा
बादौठ,Badauth,,2,"गढ़ी कौलाहर, बादौठ, अहमदपुर"
बदनपुर,Badanpur,,12,"उऩ्देरा, बदनपुर बर्नामई"
बदनगढ़,Badangadh,,3,बदनगढ़
बदनगढ,Badangadh,,1,बदनगढ
बड़ागाँव,Badagaon,,1,बड़ागाँव
बाद,Bad,,10,अमानाबाद
बछगॉव,Bachhgaon,,1,बछगॉव
बछगाँव,Bachgaon,,5,बछगाँव
बबरौद,Babraud,,6,बबरौद
बाबरपुर,Babarpur,,2,बाबरपुर
अयोध्यापुरम,Ayodhya puram,,1,अयोध्यापुरम
अयोध्यानगर,Ayodhya nagar,,1,अयोध्यानगर
अयेरा,Ayera,,1,अयेरा
अयेला,Ayela,,18,अयेला
अयैरा,Ayaira,,1,अयैरा
अवाखेडा,Avakheda,,1,अवाखेडा
अवाखेड़ा,Avakheda,,1,अवाखेड़ा
अवैरनी,Avairni,,10,"अमीरपुर, अवैरनी"
अवधपुरी,Avadhpuri,,1,अवधपुरी
औरंगपुर,Aurangpur,,7,औरंगपुर
औलेन्डा,Aulenda,y,11,औलेन्डा
औछटा,Auchata,,7,औछटा
एत्माउददौला,Atmaduddaula,,1,एत्माउददौला
एत्मादोला,Atmadola,,1,एत्मादोला
अठखम्मा,Athkhamma,,1,अठखम्मा
अठखम्बा,Athkhamba,,1,अठखम्बा
अथाई,Athaee,y,5,अथाई
अटलवन,Atalvan,,1,अटलवन
अटा,Ata,,10,अटा
अस्तौली,Astauli,,6,अस्तौली
अरविन्दपुरम,Arvind puram,,1,अरविन्दपुरम
अरतोनी,Artoni,,1,अरतोनी
अरतौनी,Artauni,,6,अरतौनी
अरसेना,Arsena,,1,अरसेना
अरसैना,Arsaina,,11,अरसैना
अरनौटा,Arnauta,,3,अरनौटा
अर्जुनपुरा,Arjunnpura,,3,अर्जुनपुरा
अरहेरा,Arhera,,8,अरहेरा
अरेला,Arela,,2,अरेला
अरदाया,Ardaya,,9,अरदाया
अपुपमबाग,Apupambag,,1,अपुपमबाग
अनुपमबाग,Anupambag,,1,अनुपमबाग
अन्तापाडा,Antapada,,1,अन्तापाडा
अन्नापुरम,Annapuram,,1,अन्नापुरम
अंगूठी,Anguthi,,4,अंगूठी
अंगनपुरा,Anganpura,,4,अंगनपुरा
अनौड़ा,Anauda,,7,अनौड़ा
आनन्दपुरी,Anandpuri,,1,आनन्दपुरी
आनन्दीपुरम,Anandipuram,,1,आनन्दीपुरम
आनंदीपुरम,Anandipuram,,1,आनंदीपुरम
आनन्दधाम,Ananddham,,1,आनन्दधाम
आनन्दपुरम,Anand puram,,2,आनन्दपुरम
आनन्‍दकृष्‍णावन,Anand krishnavan,,1,आनन्‍दकृष्‍णावन
अमृतपुरी,Amritpuri,,1,अमृतपुरी
अमीरपुर,Ameerpur,,3,अमीरपुर
अम्बेडकरनगर,Ambedkar nagar,,2,अम्बेडकरनगर
अम्बाखार,Ambakhar,,1,अम्बाखार
अमरपुरा,Amarpura,,1,अमरपुरा
अमरदीप,Amardeep,,1,अमरदीप
अमानुल्लापुर,Amanullapur,,5,अमानुल्लापुर
अमानुल्ललापुर,Amanullalapur,,1,अमानुल्ललापुर
अमानाबाद,Amanabad,,1,अमानाबाद
अमाही,Amahi,,1,अमाही
अलवाई,Alvaee,y,6,अलवाई
अलकापुरी,Alkapuri,,1,अलकापुरी
अल्कापुरी,Alkapuri,,1,अल्कापुरी
अलीपुर,Alipur,,5,अलीपुर
अल्हैपुर,Alhaipur,,2,अल्हैपुर
अकोला,Akola,,1,अकोला
अखवाई,Akhvaee,y,7,अखवाई
अकबरपुर,Akbarpur,,4,अकबरपुर
अकवरपुर,Akbarpur,,1,अकवरपुर
अकबरा,Akbara,,9,अकबरा
अजनौठी,Ajnauthi,,6,अजनौठी
अजीजपुर,Ajijpur,,18,अजीजपुर
अहूरी,Ahuru,,2,अहूरी
अहमदपुर,Ahmadpur,,2,अहमदपुर
अहेरियान,Aheriyan,,3,अहेरियान
अहेरीपाडा,Aheripada,,1,अहेरीपाडा
अहीरपाडा,Aheerpada,,1,अहीरपाडा
अहारन,Aharan,,1,अहारन
अहमल,Ahamal,,1,अहमल
अगरयाला,Agaryala,,6,अगरयाला
अगरपुर,Agarpur,,1,अगरपुर
अगनपुरा,Aganpura,,1,अगनपुरा
अई,Ae,y,3,अई
अडूकी,Aduki,,1,अडूकी
अडीग,Adeeg,,3,अडीग
अदनबाग,Adanbag,,2,अदनबाग
अचरूल,Achrul,,1,अचरूल
अछनेरा,Achnera,,11,अछनेरा
अभयपुरा,Abhaypura,,7,अभयपुरा
अभयकुन्ज,Abhaykunj,,1,अभयकुन्ज
अभैदोपुरा,Abhaidopura,,15,"अभुआपुराT.Aअंदर, अभैदोपुरा, बरौली, मोरी"
अभैदोंपुरा,Abhaidopura,,1,अभैदोंपुरा
आसफाबाद,Aasfabad,,2,आसफाबाद
आर्यनगर,Aary nagar,,1,आर्यनगर
आन्यौर,Aanyaur,,7,आन्यौर
आँवलखेड़ा,Aanvalkheda,y,3,आँवलखेड़ा
आलमपुर,Aalampur,,1,आलमपुर
आलमगंज,Aalamganj,,1,आलमगंज
आजनोख,Aajnokh,,8,आजनोख
आजनौख,Aajnaukh,,1,आजनौख
आझईकलां,Aajhaikala,y,1,आझईकलां
आजमपुर,Aajampur,,1,आजमपुर
आजमपाड़ा,Aajampada,,1,आजमपाड़ा
आहीरपारा,Aaheerpara,y,1,आहीरपारा
आगई,Aagaee,y,8,आगई
आदमपुर,Aadampur,,7,आदमपुर
खेडि़या,,Y,11,कलाल खेडि़या
मङोली,,y,8,मङोली
अ़़टूस,,y,6,अ़़टूस
एेंच,,y,6,एेंच
आैंध,,y,3,आैंध
बसईअरेला,,y,3,बसईअरेला
विदरई,,Y,3,विदरई
कहरई,,y,2,कहरई
बस्तई,,y,2,"कादऊ वारऊ, बस्तई"
कोलिहाई,,Y,2,कोलिहाई
खाडि़या,,Y,2,खाडि़या
नुनिहाई,,y,2,नुनिहाई
भाहई,,y,2,"बरारी, भाहई"
मगटई,,y,2,मगटई
रदोई,,Y,2,रदोई
डँूगरवाला,,y,1,डँूगरवाला
धौरर्ा,,y,1,धौरर्ा
सरजैप्‌ुर,,Y,1,सरजैप्‌ुर
ेकढेरपुरा,,y,1,ेकढेरपुरा
ैजैतपुर,,y,1,ैजैतपुर
ैनैनानाजाट,,y,1,ैनैनानाजाट
खडि़हा,,,1,खडि़हा
